Year,Month,Day,Capital,Max Risk,No of lots,Trade Risk,Entry,Entry Time,Point Risk,Exit,Exit Time,PnL,New Capital
2017,01,03,1000000,10000.0,2.0,7500.0,8203.25,2017-01-03 11:05:00+05:30,100.0,8189.15,2017-01-03 15:20:00+05:30,-870.0000000000273,999130.0
2017,01,04,999130.0,9991.300000000001,2.0,7500.0,8211.2,2017-01-04 09:16:00+05:30,100.0,8190.45,2017-01-04 15:20:00+05:30,-1293.75,997836.25
2017,01,05,997836.25,9978.362500000001,2.0,7500.0,8226.65,2017-01-05 09:15:00+05:30,100.0,8268.75,2017-01-05 15:20:00+05:30,3262.5,1001098.75
2017,01,06,1001098.75,10010.987500000001,2.0,7500.0,8292.3,2017-01-06 09:15:00+05:30,100.0,8246.35,2017-01-06 15:20:00+05:30,-3292.4999999999727,997806.25
2017,01,10,997806.25,9978.0625,2.0,7500.0,8262.7,2017-01-10 09:15:00+05:30,100.0,8291.1,2017-01-10 15:20:00+05:30,2197.4999999999454,1000003.75
2017,01,11,1000003.75,10000.0375,2.0,7500.0,8329.85,2017-01-11 09:15:00+05:30,100.0,8377.55,2017-01-11 15:20:00+05:30,3727.499999999918,1003731.2499999999
2017,01,12,1003731.2499999999,10037.312499999998,2.0,7500.0,8395.8,2017-01-12 09:18:00+05:30,100.0,8407.45,2017-01-12 15:20:00+05:30,993.75,1004724.9999999999
2017,01,13,1004724.9999999999,10047.249999999998,2.0,7500.0,8457.65,2017-01-13 09:15:00+05:30,100.0,8397.15,2017-01-13 15:20:00+05:30,-4376.250000000027,1000348.7499999999
2017,01,16,1000348.7499999999,10003.4875,2.0,7500.0,8419.35,2017-01-16 13:25:00+05:30,100.0,8411.9,2017-01-16 15:20:00+05:30,-521.2500000000546,999827.4999999999
2017,01,17,999827.4999999999,9998.275,2.0,7500.0,8439.95,2017-01-17 09:23:00+05:30,100.0,8396.05,2017-01-17 15:20:00+05:30,-3078.750000000082,996748.7499999998
2017,01,18,996748.7499999998,9967.487499999997,2.0,7500.0,8421.45,2017-01-18 09:15:00+05:30,100.0,8416.85,2017-01-18 15:20:00+05:30,-326.2500000000273,996422.4999999998
2017,01,19,996422.4999999998,9964.224999999999,2.0,7500.0,8435.85,2017-01-19 11:21:00+05:30,100.0,8433.1,2017-01-19 15:20:00+05:30,-56.25,996366.2499999998
2017,01,23,996366.2499999998,9963.662499999999,2.0,7500.0,8368.4,2017-01-23 09:34:00+05:30,100.0,8395.25,2017-01-23 15:20:00+05:30,2013.7500000000273,998379.9999999998
2017,01,24,998379.9999999998,9983.799999999997,2.0,7500.0,8419.5,2017-01-24 09:20:00+05:30,100.0,8476.95,2017-01-24 15:20:00+05:30,4454.999999999973,1002834.9999999998
2017,01,25,1002834.9999999998,10028.349999999999,2.0,7500.0,8499.45,2017-01-25 09:15:00+05:30,100.0,8609.15,2017-01-25 15:20:00+05:30,8294.99999999989,1011129.9999999997
2017,01,27,1011129.9999999997,10111.299999999997,2.0,7500.0,8625.4,2017-01-27 09:15:00+05:30,100.0,8636.05,2017-01-27 15:20:00+05:30,828.7500000000819,1011958.7499999998
2017,02,01,1011958.7499999998,10119.587499999998,2.0,7500.0,8580.25,2017-02-01 09:20:00+05:30,100.0,8711.85,2017-02-01 15:20:00+05:30,10001.250000000027,1021959.9999999998
2017,02,02,1021959.9999999998,10219.599999999999,2.0,7500.0,8742.15,2017-02-02 14:00:00+05:30,100.0,8725.5,2017-02-02 15:20:00+05:30,-1237.5,1020722.4999999998
2017,02,03,1020722.4999999998,10207.224999999999,2.0,7500.0,8745.45,2017-02-03 09:55:00+05:30,100.0,8740.7,2017-02-03 15:20:00+05:30,-288.7500000000273,1020433.7499999998
2017,02,06,1020433.7499999998,10204.337499999998,2.0,7500.0,8785.45,2017-02-06 09:15:00+05:30,100.0,8798.2,2017-02-06 15:20:00+05:30,1173.7499999999727,1021607.4999999998
2017,02,09,1021607.4999999998,10216.074999999997,2.0,7500.0,8816.25,2017-02-09 09:15:00+05:30,100.0,8778.8,2017-02-09 15:20:00+05:30,-2804.9999999999727,1018802.4999999998
2017,02,10,1018802.4999999998,10188.024999999998,2.0,7500.0,8812.35,2017-02-10 09:15:00+05:30,100.0,8791.75,2017-02-10 15:20:00+05:30,-1503.7500000000819,1017298.7499999997
2017,02,13,1017298.7499999997,10172.987499999997,2.0,7500.0,8818.85,2017-02-13 09:15:00+05:30,100.0,8807.6,2017-02-13 15:20:00+05:30,-573.7499999999727,1016724.9999999997
2017,02,15,1016724.9999999997,10167.249999999996,2.0,7500.0,8806.3,2017-02-15 09:15:00+05:30,100.0,8720.4,2017-02-15 15:20:00+05:30,-6172.499999999945,1010552.4999999997
2017,02,16,1010552.4999999997,10105.524999999996,2.0,7500.0,8751.4,2017-02-16 09:15:00+05:30,100.0,8773.8,2017-02-16 15:20:00+05:30,1691.2500000000819,1012243.7499999998
2017,02,17,1012243.7499999998,10122.437499999998,2.0,7500.0,8883.7,2017-02-17 09:15:00+05:30,100.0,8819.05,2017-02-17 15:20:00+05:30,-4755.000000000109,1007488.7499999997
2017,02,20,1007488.7499999997,10074.887499999997,2.0,7500.0,8839.0,2017-02-20 10:34:00+05:30,100.0,8867.15,2017-02-20 15:20:00+05:30,2400.0,1009888.7499999997
2017,02,22,1009888.7499999997,10098.887499999997,2.0,7500.0,8931.45,2017-02-22 09:15:00+05:30,100.0,8926.6,2017-02-22 15:20:00+05:30,-195.00000000002728,1009693.7499999997
2017,02,23,1009693.7499999997,10096.937499999996,2.0,7500.0,8952.55,2017-02-23 09:15:00+05:30,100.0,8936.15,2017-02-23 15:20:00+05:30,-1139.9999999999181,1008553.7499999998
2017,03,01,1008553.7499999998,10085.537499999999,2.0,7500.0,8904.4,2017-03-01 09:15:00+05:30,100.0,8942.4,2017-03-01 15:20:00+05:30,2850.0,1011403.7499999998
2017,03,02,1011403.7499999998,10114.037499999999,2.0,7500.0,8982.85,2017-03-02 09:15:00+05:30,100.0,8882.25,2017-03-02 15:15:00+05:30,-7545.000000000026,1003858.7499999998
2017,03,06,1003858.7499999998,10038.587499999998,2.0,7500.0,8927.85,2017-03-06 09:15:00+05:30,100.0,8963.9,2017-03-06 15:20:00+05:30,2737.5,1006596.2499999998
2017,03,10,1006596.2499999998,10065.962499999998,2.0,7500.0,8953.7,2017-03-10 09:15:00+05:30,100.0,8932.75,2017-03-10 15:20:00+05:30,-1571.2500000000546,1005024.9999999998
2017,03,14,1005024.9999999998,10050.249999999998,2.0,7500.0,9091.65,2017-03-14 09:15:00+05:30,100.0,9084.05,2017-03-14 15:20:00+05:30,-228.74999999994543,1004796.2499999998
2017,03,15,1004796.2499999998,10047.962499999998,2.0,7500.0,9097.3,2017-03-15 09:53:00+05:30,100.0,9083.2,2017-03-15 15:20:00+05:30,-768.75,1004027.4999999998
2017,03,16,1004027.4999999998,10040.274999999998,2.0,7500.0,9129.65,2017-03-16 09:15:00+05:30,100.0,9153.6,2017-03-16 15:20:00+05:30,1935.0000000000816,1005962.4999999999
2017,03,17,1005962.4999999999,10059.624999999998,2.0,7500.0,9207.8,2017-03-17 09:15:00+05:30,100.0,9154.45,2017-03-17 15:20:00+05:30,-3986.2499999999723,1001976.2499999999
2017,03,23,1001976.2499999999,10019.762499999999,2.0,7500.0,9074.0,2017-03-23 09:15:00+05:30,100.0,9083.65,2017-03-23 15:20:00+05:30,806.25,1002782.4999999999
2017,03,24,1002782.4999999999,10027.824999999999,2.0,7500.0,9111.9,2017-03-24 09:31:00+05:30,100.0,9101.5,2017-03-24 15:20:00+05:30,-592.4999999999727,1002189.9999999999
2017,03,28,1002189.9999999999,10021.9,2.0,7500.0,9081.5,2017-03-28 09:15:00+05:30,100.0,9102.35,2017-03-28 15:20:00+05:30,1563.7500000000273,1003753.7499999999
2017,03,29,1003753.7499999999,10037.537499999999,2.0,7500.0,9133.7,2017-03-29 09:15:00+05:30,100.0,9148.05,2017-03-29 15:20:00+05:30,1136.2499999999727,1004889.9999999999
2017,03,30,1004889.9999999999,10048.9,2.0,7500.0,9169.5,2017-03-30 09:45:00+05:30,100.0,9175.2,2017-03-30 15:20:00+05:30,517.4999999999727,1005407.4999999999
2017,03,31,1005407.4999999999,10054.074999999999,2.0,7500.0,9182.15,2017-03-31 14:08:00+05:30,100.0,9171.1,2017-03-31 15:20:00+05:30,-596.2499999999181,1004811.25
2017,04,03,1004811.25,10048.112500000001,2.0,7500.0,9220.6,2017-04-03 09:15:00+05:30,100.0,9237.9,2017-04-03 15:20:00+05:30,1432.5000000000273,1006243.75
2017,04,05,1006243.75,10062.4375,2.0,7500.0,9266.45,2017-04-05 14:35:00+05:30,100.0,9259.8,2017-04-05 15:20:00+05:30,-363.7500000000273,1005880.0
2017,04,10,1005880.0,10058.800000000001,2.0,7500.0,9225.6,2017-04-10 09:15:00+05:30,100.0,9179.7,2017-04-10 15:20:00+05:30,-3270.0000000000273,1002610.0
2017,04,11,1002610.0,10026.1,2.0,7500.0,9200.1,2017-04-11 09:48:00+05:30,100.0,9236.35,2017-04-11 15:20:00+05:30,2737.5,1005347.5
2017,04,18,1005347.5,10053.475,2.0,7500.0,9163.0,2017-04-18 09:15:00+05:30,100.0,9101.9,2017-04-18 15:20:00+05:30,-4233.750000000055,1001113.75
2017,04,20,1001113.75,10011.1375,2.0,7500.0,9137.0,2017-04-20 11:48:00+05:30,100.0,9137.9,2017-04-20 15:20:00+05:30,112.5,1001226.25
2017,04,21,1001226.25,10012.2625,2.0,7500.0,9179.1,2017-04-21 09:15:00+05:30,100.0,9121.0,2017-04-21 15:20:00+05:30,-4215.000000000055,997011.25
2017,04,24,997011.25,9970.112500000001,2.0,7500.0,9146.3,2017-04-24 09:18:00+05:30,100.0,9214.2,2017-04-24 15:20:00+05:30,5235.000000000082,1002246.2500000001
2017,04,25,1002246.2500000001,10022.462500000001,2.0,7500.0,9273.05,2017-04-25 09:15:00+05:30,100.0,9304.3,2017-04-25 15:20:00+05:30,2565.0000000000546,1004811.2500000001
2017,04,26,1004811.2500000001,10048.112500000001,2.0,7500.0,9336.2,2017-04-26 09:15:00+05:30,100.0,9352.85,2017-04-26 15:20:00+05:30,1469.9999999998909,1006281.25
2017,05,02,1006281.25,10062.8125,2.0,7500.0,9339.85,2017-05-02 09:15:00+05:30,100.0,9313.95,2017-05-02 15:20:00+05:30,-1878.750000000082,1004402.4999999999
2017,05,03,1004402.4999999999,10044.025,2.0,7500.0,9344.7,2017-05-03 09:15:00+05:30,100.0,9310.15,2017-05-03 15:20:00+05:30,-2475.0,1001927.4999999999
2017,05,04,1001927.4999999999,10019.275,2.0,7500.0,9360.95,2017-05-04 09:15:00+05:30,100.0,9359.55,2017-05-04 15:20:00+05:30,116.24999999994543,1002043.7499999999
2017,05,08,1002043.7499999999,10020.437499999998,2.0,7500.0,9311.45,2017-05-08 09:15:00+05:30,100.0,9312.05,2017-05-08 15:20:00+05:30,134.99999999994543,1002178.7499999999
2017,05,09,1002178.7499999999,10021.787499999999,2.0,7500.0,9337.35,2017-05-09 09:15:00+05:30,100.0,9316.2,2017-05-09 15:20:00+05:30,-1425.0,1000753.7499999999
2017,05,10,1000753.7499999999,10007.537499999999,2.0,7500.0,9347.95,2017-05-10 09:15:00+05:30,100.0,9409.4,2017-05-10 15:20:00+05:30,4762.5,1005516.2499999999
2017,05,11,1005516.2499999999,10055.162499999999,2.0,7500.0,9448.6,2017-05-11 09:15:00+05:30,100.0,9421.05,2017-05-11 15:20:00+05:30,-1860.0000000000819,1003656.2499999998
2017,05,12,1003656.2499999998,10036.562499999998,2.0,7500.0,9436.65,2017-05-12 09:15:00+05:30,100.0,9399.4,2017-05-12 15:20:00+05:30,-2508.749999999918,1001147.4999999999
2017,05,15,1001147.4999999999,10011.474999999999,2.0,7500.0,9433.55,2017-05-15 09:15:00+05:30,100.0,9441.9,2017-05-15 15:20:00+05:30,990.0000000000546,1002137.4999999999
2017,05,16,1002137.4999999999,10021.374999999998,2.0,7500.0,9470.8,2017-05-16 09:24:00+05:30,100.0,9510.9,2017-05-16 15:20:00+05:30,3041.250000000082,1005178.75
2017,05,19,1005178.75,10051.7875,2.0,7500.0,9469.9,2017-05-19 09:15:00+05:30,100.0,9426.0,2017-05-19 15:20:00+05:30,-3251.2500000000273,1001927.5
2017,05,22,1001927.5,10019.275,2.0,7500.0,9480.25,2017-05-22 09:15:00+05:30,100.0,9439.65,2017-05-22 15:20:00+05:30,-3045.0000000000273,998882.5
2017,05,24,998882.5,9988.825,2.0,7500.0,9410.9,2017-05-24 09:15:00+05:30,100.0,9360.2,2017-05-24 15:20:00+05:30,-3693.75,995188.75
2017,05,25,995188.75,9951.8875,2.0,7500.0,9394.1,2017-05-25 09:16:00+05:30,100.0,9506.0,2017-05-25 15:20:00+05:30,8531.25,1003720.0
2017,05,26,1003720.0,10037.2,2.0,7500.0,9527.6,2017-05-26 09:24:00+05:30,100.0,9589.7,2017-05-26 15:20:00+05:30,4904.999999999973,1008625.0
2017,05,29,1008625.0,10086.25,2.0,7500.0,9611.5,2017-05-29 09:27:00+05:30,100.0,9603.05,2017-05-29 15:20:00+05:30,-311.2499999999727,1008313.75
2017,05,30,1008313.75,10083.1375,2.0,7500.0,9623.25,2017-05-30 09:55:00+05:30,100.0,9620.25,2017-05-30 15:20:00+05:30,3.7499999999454303,1008317.5
2017,06,02,1008317.5,10083.175000000001,2.0,7500.0,9657.15,2017-06-02 09:15:00+05:30,100.0,9654.6,2017-06-02 15:20:00+05:30,-183.74999999991815,1008133.7500000001
2017,06,05,1008133.7500000001,10081.337500000001,2.0,7500.0,9667.35,2017-06-05 10:00:00+05:30,100.0,9675.4,2017-06-05 15:20:00+05:30,731.25,1008865.0000000001
2017,06,06,1008865.0000000001,10088.650000000001,2.0,7500.0,9704.25,2017-06-06 09:15:00+05:30,100.0,9637.35,2017-06-06 15:20:00+05:30,-4976.250000000027,1003888.7500000001
2017,06,07,1003888.7500000001,10038.8875,2.0,7500.0,9663.95,2017-06-07 09:15:00+05:30,100.0,9664.1,2017-06-07 15:20:00+05:30,179.99999999997272,1004068.7500000001
2017,06,08,1004068.7500000001,10040.687500000002,2.0,7500.0,9688.25,2017-06-08 09:15:00+05:30,100.0,9647.15,2017-06-08 15:20:00+05:30,-3026.2500000000273,1001042.5000000001
2017,06,13,1001042.5000000001,10010.425000000001,2.0,7500.0,9646.6,2017-06-13 09:30:00+05:30,100.0,9606.6,2017-06-13 15:20:00+05:30,-2898.7499999999727,998143.7500000001
2017,06,14,998143.7500000001,9981.437500000002,2.0,7500.0,9621.55,2017-06-14 09:15:00+05:30,100.0,9616.3,2017-06-14 15:20:00+05:30,-344.99999999989086,997798.7500000002
2017,06,16,997798.7500000002,9977.987500000003,2.0,7500.0,9602.95,2017-06-16 09:15:00+05:30,100.0,9586.15,2017-06-16 15:20:00+05:30,-1177.5000000000546,996621.2500000002
2017,06,19,996621.2500000002,9966.212500000003,2.0,7500.0,9626.4,2017-06-19 09:15:00+05:30,100.0,9655.95,2017-06-19 15:20:00+05:30,2291.250000000082,998912.5000000003
2017,06,22,998912.5000000003,9989.125000000004,2.0,7500.0,9665.0,2017-06-22 09:15:00+05:30,100.0,9629.5,2017-06-22 15:20:00+05:30,-2497.4999999999454,996415.0000000003
2017,06,27,996415.0000000003,9964.150000000003,2.0,7500.0,9602.35,2017-06-27 09:15:00+05:30,100.0,9502.05,2017-06-27 13:30:00+05:30,-7522.500000000083,988892.5000000002
2017,06,29,988892.5000000002,9888.925000000003,2.0,7500.0,9522.95,2017-06-29 09:15:00+05:30,100.0,9501.85,2017-06-29 15:20:00+05:30,-1582.5000000000273,987310.0000000002
2017,07,03,987310.0000000002,9873.100000000002,2.0,7500.0,9587.95,2017-07-03 09:15:00+05:30,100.0,9611.35,2017-07-03 15:20:00+05:30,1923.7499999999725,989233.7500000002
2017,07,04,989233.7500000002,9892.337500000003,2.0,7500.0,9645.9,2017-07-04 09:15:00+05:30,100.0,9606.35,2017-07-04 15:20:00+05:30,-2958.749999999918,986275.0000000003
2017,07,05,986275.0000000003,9862.750000000004,2.0,7500.0,9635.35,2017-07-05 11:06:00+05:30,100.0,9641.0,2017-07-05 15:20:00+05:30,509.9999999999454,986785.0000000003
2017,07,06,986785.0000000003,9867.850000000004,2.0,7500.0,9666.0,2017-07-06 09:49:00+05:30,100.0,9670.15,2017-07-06 15:20:00+05:30,311.2499999999727,987096.2500000003
2017,07,10,987096.2500000003,9870.962500000003,2.0,7500.0,9698.25,2017-07-10 09:15:00+05:30,100.0,9767.45,2017-07-10 15:20:00+05:30,5325.0,992421.2500000003
2017,07,11,992421.2500000003,9924.212500000003,2.0,7500.0,9797.45,2017-07-11 09:15:00+05:30,100.0,9784.95,2017-07-11 15:20:00+05:30,-798.7500000001091,991622.5000000002
2017,07,12,991622.5000000002,9916.225000000002,2.0,7500.0,9811.3,2017-07-12 09:15:00+05:30,100.0,9818.2,2017-07-12 15:20:00+05:30,671.2500000000546,992293.7500000002
2017,07,13,992293.7500000002,9922.937500000002,2.0,7500.0,9855.8,2017-07-13 09:15:00+05:30,100.0,9889.65,2017-07-13 15:20:00+05:30,2651.2500000000273,994945.0000000002
2017,07,14,994945.0000000002,9949.450000000003,2.0,7500.0,9913.3,2017-07-14 09:15:00+05:30,100.0,9886.25,2017-07-14 15:20:00+05:30,-1916.2499999999454,993028.7500000002
2017,07,17,993028.7500000002,9930.287500000002,2.0,7500.0,9911.6,2017-07-17 09:19:00+05:30,100.0,9916.55,2017-07-17 15:20:00+05:30,521.2499999999181,993550.0000000001
2017,07,19,993550.0000000001,9935.500000000002,2.0,7500.0,9855.95,2017-07-19 09:15:00+05:30,100.0,9899.25,2017-07-19 15:20:00+05:30,3386.2499999999727,996936.2500000001
2017,07,21,996936.2500000001,9969.362500000001,2.0,7500.0,9899.6,2017-07-21 09:15:00+05:30,100.0,9919.25,2017-07-21 15:20:00+05:30,1529.9999999999727,998466.2500000001
2017,07,24,998466.2500000001,9984.662500000002,2.0,7500.0,9939.75,2017-07-24 09:32:00+05:30,100.0,9968.65,2017-07-24 15:20:00+05:30,2223.7499999999727,1000690.0000000001
2017,07,25,1000690.0000000001,10006.900000000001,2.0,7500.0,10010.55,2017-07-25 09:15:00+05:30,100.0,9959.7,2017-07-25 15:20:00+05:30,-3738.749999999891,996951.2500000002
2017,07,26,996951.2500000002,9969.512500000003,2.0,7500.0,9989.95,2017-07-26 10:06:00+05:30,100.0,10021.85,2017-07-26 15:20:00+05:30,2471.249999999918,999422.5000000001
2017,07,27,999422.5000000001,9994.225000000002,2.0,7500.0,10063.25,2017-07-27 09:15:00+05:30,100.0,10017.4,2017-07-27 15:20:00+05:30,-3329.9999999999727,996092.5000000001
2017,07,31,996092.5000000001,9960.925000000001,2.0,7500.0,10034.7,2017-07-31 09:15:00+05:30,100.0,10078.85,2017-07-31 15:20:00+05:30,3408.749999999918,999501.25
2017,08,04,999501.25,9995.0125,2.0,7500.0,10029.8,2017-08-04 13:46:00+05:30,100.0,10068.65,2017-08-04 15:20:00+05:30,3138.7500000000273,1002640.0
2017,08,08,1002640.0,10026.4,2.0,7500.0,10081.75,2017-08-08 09:16:00+05:30,100.0,9977.3,2017-08-08 10:15:00+05:30,-7833.750000000055,994806.25
2017,08,14,994806.25,9948.0625,2.0,7500.0,9755.75,2017-08-14 09:15:00+05:30,100.0,9789.0,2017-08-14 15:20:00+05:30,2654.9999999999727,997461.25
2017,08,16,997461.25,9974.612500000001,2.0,7500.0,9825.85,2017-08-16 09:15:00+05:30,100.0,9897.4,2017-08-16 15:20:00+05:30,5493.75,1002955.0
2017,08,17,1002955.0,10029.550000000001,2.0,7500.0,9945.55,2017-08-17 09:15:00+05:30,100.0,9903.55,2017-08-17 15:20:00+05:30,-3067.4999999999727,999887.5
2017,08,21,999887.5,9998.875,2.0,7500.0,9864.25,2017-08-21 09:15:00+05:30,100.0,9763.65,2017-08-21 15:05:00+05:30,-7545.000000000026,992342.5
2017,08,22,992342.5,9923.425000000001,2.0,7500.0,9815.75,2017-08-22 09:15:00+05:30,100.0,9765.35,2017-08-22 15:20:00+05:30,-3701.2500000000273,988641.25
2017,08,23,988641.25,9886.4125,2.0,7500.0,9803.05,2017-08-23 09:15:00+05:30,100.0,9849.75,2017-08-23 15:20:00+05:30,3588.7500000000273,992230.0
2017,08,24,992230.0,9922.300000000001,2.0,7500.0,9881.2,2017-08-24 09:15:00+05:30,100.0,9855.5,2017-08-24 15:20:00+05:30,-1541.2500000000819,990688.7499999999
2017,08,28,990688.7499999999,9906.887499999999,2.0,7500.0,9907.15,2017-08-28 09:15:00+05:30,100.0,9913.85,2017-08-28 15:20:00+05:30,716.2500000000819,991405.0
2017,08,30,991405.0,9914.050000000001,2.0,7500.0,9859.5,2017-08-30 09:15:00+05:30,100.0,9882.9,2017-08-30 15:20:00+05:30,1886.2499999999725,993291.25
2017,09,01,993291.25,9932.9125,2.0,7500.0,9940.6,2017-09-01 09:44:00+05:30,100.0,9969.35,2017-09-01 15:20:00+05:30,2343.75,995635.0
2017,09,05,995635.0,9956.35,2.0,7500.0,9933.25,2017-09-05 09:15:00+05:30,100.0,9953.7,2017-09-05 15:20:00+05:30,1545.0000000000273,997180.0
2017,09,07,997180.0,9971.800000000001,2.0,7500.0,9945.85,2017-09-07 09:15:00+05:30,100.0,9929.4,2017-09-07 15:20:00+05:30,-1233.7500000000546,995946.25
2017,09,08,995946.25,9959.4625,2.0,7500.0,9958.65,2017-09-08 09:15:00+05:30,100.0,9931.75,2017-09-08 15:20:00+05:30,-1987.5,993958.75
2017,09,11,993958.75,9939.5875,2.0,7500.0,9971.75,2017-09-11 09:15:00+05:30,100.0,10002.4,2017-09-11 15:20:00+05:30,2411.2499999999727,996370.0
2017,09,12,996370.0,9963.7,2.0,7500.0,10056.85,2017-09-12 09:15:00+05:30,100.0,10092.3,2017-09-12 15:20:00+05:30,2775.0,999145.0
2017,09,13,999145.0,9991.45,2.0,7500.0,10113.85,2017-09-13 09:52:00+05:30,100.0,10075.85,2017-09-13 15:20:00+05:30,-2775.0,996370.0
2017,09,14,996370.0,9963.7,2.0,7500.0,10111.35,2017-09-14 09:18:00+05:30,100.0,10085.0,2017-09-14 15:20:00+05:30,-1833.7500000000546,994536.25
2017,09,18,994536.25,9945.362500000001,2.0,7500.0,10133.1,2017-09-18 09:15:00+05:30,100.0,10152.0,2017-09-18 15:20:00+05:30,1559.9999999999454,996096.25
2017,09,27,996096.25,9960.9625,2.0,7500.0,9920.6,2017-09-27 09:15:00+05:30,100.0,9818.7,2017-09-27 10:32:00+05:30,-7642.499999999973,988453.75
2017,09,29,988453.75,9884.5375,2.0,7500.0,9814.3,2017-09-29 09:15:00+05:30,100.0,9780.75,2017-09-29 15:20:00+05:30,-2234.9999999999454,986218.75
2017,10,03,986218.75,9862.1875,2.0,7500.0,9893.3,2017-10-03 09:15:00+05:30,100.0,9858.95,2017-10-03 15:20:00+05:30,-2504.9999999999727,983713.75
2017,10,04,983713.75,9837.1375,2.0,7500.0,9884.35,2017-10-04 09:15:00+05:30,100.0,9909.3,2017-10-04 15:20:00+05:30,2058.749999999918,985772.4999999999
2017,10,06,985772.4999999999,9857.724999999999,2.0,7500.0,9925.8,2017-10-06 09:15:00+05:30,100.0,9983.15,2017-10-06 15:20:00+05:30,4485.000000000082,990257.5
2017,10,09,990257.5,9902.575,2.0,7500.0,10013.4,2017-10-09 10:01:00+05:30,100.0,9988.35,2017-10-09 15:20:00+05:30,-1800.0,988457.5
2017,10,10,988457.5,9884.575,2.0,7500.0,10013.7,2017-10-10 09:15:00+05:30,100.0,10011.3,2017-10-10 15:20:00+05:30,-15.00000000005457,988442.5
2017,10,11,988442.5,9884.425000000001,2.0,7500.0,10042.6,2017-10-11 09:15:00+05:30,100.0,9977.8,2017-10-11 15:20:00+05:30,-4833.750000000055,983608.75
2017,10,12,983608.75,9836.0875,2.0,7500.0,10011.2,2017-10-12 09:15:00+05:30,100.0,10096.15,2017-10-12 15:20:00+05:30,6393.75,990002.5
2017,10,13,990002.5,9900.025,2.0,7500.0,10123.7,2017-10-13 09:15:00+05:30,100.0,10165.35,2017-10-13 15:20:00+05:30,3296.249999999918,993298.7499999999
2017,10,16,993298.7499999999,9932.9875,2.0,7500.0,10207.4,2017-10-16 09:15:00+05:30,100.0,10229.9,2017-10-16 15:20:00+05:30,1777.5000000000546,995076.2499999999
2017,10,24,995076.2499999999,9950.762499999999,2.0,7500.0,10218.55,2017-10-24 09:15:00+05:30,100.0,10207.1,2017-10-24 15:20:00+05:30,-734.9999999999454,994341.2499999999
2017,10,25,994341.2499999999,9943.412499999999,2.0,7500.0,10321.15,2017-10-25 09:15:00+05:30,100.0,10293.45,2017-10-25 15:20:00+05:30,-1766.2499999999454,992574.9999999999
2017,10,26,992574.9999999999,9925.749999999998,2.0,7500.0,10321.15,2017-10-26 12:59:00+05:30,100.0,10333.4,2017-10-26 15:20:00+05:30,1893.75,994468.7499999999
2017,10,27,994468.7499999999,9944.687499999998,2.0,7500.0,10362.3,2017-10-27 09:15:00+05:30,100.0,10321.7,2017-10-27 15:20:00+05:30,-2876.249999999891,991592.5
2017,10,30,991592.5,9915.925000000001,2.0,7500.0,10353.85,2017-10-30 09:15:00+05:30,100.0,10361.05,2017-10-30 15:20:00+05:30,573.7499999999727,992166.25
2017,11,01,992166.25,9921.6625,2.0,7500.0,10390.35,2017-11-01 09:15:00+05:30,100.0,10440.05,2017-11-01 15:20:00+05:30,3937.5,996103.75
2017,11,03,996103.75,9961.0375,2.0,7500.0,10461.55,2017-11-03 09:15:00+05:30,100.0,10451.8,2017-11-03 15:20:00+05:30,-588.7499999998909,995515.0000000001
2017,11,06,995515.0000000001,9955.150000000001,2.0,7500.0,10479.85,2017-11-06 13:02:00+05:30,100.0,10438.45,2017-11-06 15:20:00+05:30,-2542.4999999999727,992972.5000000001
2017,11,07,992972.5000000001,9929.725000000002,2.0,7500.0,10477.15,2017-11-07 09:15:00+05:30,100.0,10376.4,2017-11-07 13:38:00+05:30,-7556.250000000001,985416.2500000001
2017,11,08,985416.2500000001,9854.162500000002,2.0,7500.0,10378.0,2017-11-08 09:21:00+05:30,100.0,10307.05,2017-11-08 15:20:00+05:30,-5265.000000000055,980151.2500000001
2017,11,09,980151.2500000001,9801.5125,2.0,7500.0,10358.65,2017-11-09 09:15:00+05:30,100.0,10313.35,2017-11-09 15:20:00+05:30,-3371.249999999918,976780.0000000002
2017,11,16,976780.0000000002,9767.800000000003,2.0,7500.0,10162.9,2017-11-16 09:15:00+05:30,100.0,10217.85,2017-11-16 15:20:00+05:30,4136.249999999973,980916.2500000002
2017,11,17,980916.2500000002,9809.162500000002,2.0,7500.0,10324.55,2017-11-17 09:15:00+05:30,100.0,10281.0,2017-11-17 15:20:00+05:30,-3123.7499999999727,977792.5000000002
2017,11,20,977792.5000000002,9777.925000000003,2.0,7500.0,10303.1,2017-11-20 09:31:00+05:30,100.0,10291.1,2017-11-20 15:20:00+05:30,-791.2500000000819,977001.2500000001
2017,11,21,977001.2500000001,9770.0125,2.0,7500.0,10329.25,2017-11-21 09:15:00+05:30,100.0,10325.9,2017-11-21 15:20:00+05:30,-195.00000000002728,976806.2500000001
2017,11,22,976806.2500000001,9768.062500000002,2.0,7500.0,10350.8,2017-11-22 09:15:00+05:30,100.0,10340.05,2017-11-22 15:20:00+05:30,-678.7499999999454,976127.5000000001
2017,11,23,976127.5000000001,9761.275000000001,2.0,7500.0,10372.85,2017-11-23 11:54:00+05:30,100.0,10351.55,2017-11-23 15:20:00+05:30,-1537.5,974590.0000000001
2017,11,24,974590.0000000001,9745.900000000001,2.0,7500.0,10377.6,2017-11-24 09:17:00+05:30,100.0,10387.3,2017-11-24 15:20:00+05:30,870.0000000000273,975460.0000000001
2017,11,29,975460.0000000001,9754.600000000002,2.0,7500.0,10390.7,2017-11-29 09:18:00+05:30,100.0,10359.2,2017-11-29 15:20:00+05:30,-2013.7500000000273,973446.2500000001
2017,12,01,973446.2500000001,9734.462500000001,2.0,7500.0,10263.7,2017-12-01 09:15:00+05:30,100.0,10159.75,2017-12-01 14:31:00+05:30,-7796.250000000054,965650.0000000001
2017,12,04,965650.0000000001,9656.500000000002,2.0,7500.0,10175.05,2017-12-04 09:15:00+05:30,100.0,10123.15,2017-12-04 15:20:00+05:30,-3723.7499999999727,961926.2500000001
2017,12,07,961926.2500000001,9619.2625,2.0,7500.0,10079.3,2017-12-07 09:15:00+05:30,100.0,10169.6,2017-12-07 15:20:00+05:30,6903.750000000082,968830.0000000002
2017,12,08,968830.0000000002,9688.300000000003,2.0,7500.0,10198.45,2017-12-08 09:15:00+05:30,100.0,10264.05,2017-12-08 15:20:00+05:30,5144.999999999891,973975.0000000001
2017,12,11,973975.0000000001,9739.750000000002,2.0,7500.0,10310.5,2017-12-11 09:15:00+05:30,100.0,10324.5,2017-12-11 15:20:00+05:30,1241.2499999999454,975216.2500000001
2017,12,13,975216.2500000001,9752.162500000002,2.0,7500.0,10272.3,2017-12-13 11:05:00+05:30,100.0,10171.95,2017-12-13 14:57:00+05:30,-7526.249999999891,967690.0000000002
2017,12,14,967690.0000000002,9676.900000000003,2.0,7500.0,10229.3,2017-12-14 09:15:00+05:30,100.0,10258.0,2017-12-14 15:20:00+05:30,2400.0,970090.0000000002
2017,12,15,970090.0000000002,9700.900000000003,2.0,7500.0,10345.65,2017-12-15 09:15:00+05:30,100.0,10334.35,2017-12-15 15:20:00+05:30,-750.0,969340.0000000002
2017,12,18,969340.0000000002,9693.400000000003,2.0,7500.0,10353.8,2017-12-18 09:59:00+05:30,100.0,10379.65,2017-12-18 15:20:00+05:30,1968.75,971308.7500000002
2017,12,19,971308.7500000002,9713.087500000003,2.0,7500.0,10422.35,2017-12-19 09:15:00+05:30,100.0,10465.35,2017-12-19 15:20:00+05:30,3326.2500000000273,974635.0000000002
2017,12,21,974635.0000000002,9746.350000000002,2.0,7500.0,10473.95,2017-12-21 09:15:00+05:30,100.0,10437.5,2017-12-21 15:20:00+05:30,-2602.5000000000546,972032.5000000002
2017,12,22,972032.5000000002,9720.325000000003,2.0,7500.0,10457.3,2017-12-22 09:15:00+05:30,100.0,10496.15,2017-12-22 15:20:00+05:30,3093.75,975126.2500000002
2017,12,26,975126.2500000002,9751.262500000003,2.0,7500.0,10513.05,2017-12-26 09:15:00+05:30,100.0,10536.6,2017-12-26 15:20:00+05:30,1890.0000000000546,977016.2500000002
2017,12,27,977016.2500000002,9770.162500000002,2.0,7500.0,10552.25,2017-12-27 14:03:00+05:30,100.0,10482.0,2017-12-27 15:20:00+05:30,-4950.0,972066.2500000002
2017,12,28,972066.2500000002,9720.662500000002,2.0,7500.0,10510.55,2017-12-28 09:15:00+05:30,100.0,10467.45,2017-12-28 15:20:00+05:30,-3101.249999999891,968965.0000000003
2017,12,29,968965.0000000003,9689.650000000003,2.0,7500.0,10501.1,2017-12-29 09:15:00+05:30,100.0,10530.55,2017-12-29 15:20:00+05:30,2377.499999999918,971342.5000000002
2018,01,02,971342.5000000002,9713.425000000003,2.0,7500.0,10477.55,2018-01-02 09:15:00+05:30,100.0,10439.2,2018-01-02 15:20:00+05:30,-2621.249999999918,968721.2500000003
2018,01,03,968721.2500000003,9687.212500000003,2.0,7500.0,10482.65,2018-01-03 09:15:00+05:30,100.0,10444.0,2018-01-03 15:20:00+05:30,-2857.5000000000273,965863.7500000003
2018,01,04,965863.7500000003,9658.637500000004,2.0,7500.0,10475.65,2018-01-04 12:14:00+05:30,100.0,10504.1,2018-01-04 15:20:00+05:30,2231.25,968095.0000000003
2018,01,05,968095.0000000003,9680.950000000004,2.0,7500.0,10534.25,2018-01-05 09:15:00+05:30,100.0,10558.4,2018-01-05 15:20:00+05:30,1841.2499999999454,969936.2500000003
2018,01,08,969936.2500000003,9699.362500000003,2.0,7500.0,10591.7,2018-01-08 09:15:00+05:30,100.0,10619.2,2018-01-08 15:20:00+05:30,2167.4999999999727,972103.7500000003
2018,01,09,972103.7500000003,9721.037500000004,2.0,7500.0,10645.1,2018-01-09 09:15:00+05:30,100.0,10635.05,2018-01-09 15:20:00+05:30,-585.0000000000819,971518.7500000002
2018,01,10,971518.7500000002,9715.187500000002,2.0,7500.0,10655.05,2018-01-10 09:15:00+05:30,100.0,10634.0,2018-01-10 15:20:00+05:30,-1439.9999999999181,970078.7500000003
2018,01,11,970078.7500000003,9700.787500000004,2.0,7500.0,10654.35,2018-01-11 12:31:00+05:30,100.0,10651.35,2018-01-11 15:20:00+05:30,-157.50000000002728,969921.2500000003
2018,01,12,969921.2500000003,9699.212500000003,2.0,7500.0,10682.55,2018-01-12 09:15:00+05:30,100.0,10678.65,2018-01-12 15:20:00+05:30,-44.99999999989086,969876.2500000005
2018,01,15,969876.2500000005,9698.762500000004,2.0,7500.0,10718.5,2018-01-15 09:15:00+05:30,100.0,10735.15,2018-01-15 15:20:00+05:30,1372.4999999999454,971248.7500000005
2018,01,16,971248.7500000005,9712.487500000005,2.0,7500.0,10761.5,2018-01-16 09:15:00+05:30,100.0,10700.5,2018-01-16 15:20:00+05:30,-4575.0,966673.7500000005
2018,01,17,966673.7500000005,9666.737500000005,2.0,7500.0,10738.05,2018-01-17 10:35:00+05:30,100.0,10790.7,2018-01-17 15:20:00+05:30,4061.250000000109,970735.0000000006
2018,01,18,970735.0000000006,9707.350000000006,2.0,7500.0,10873.4,2018-01-18 09:15:00+05:30,100.0,10820.0,2018-01-18 15:20:00+05:30,-3768.7499999999995,966966.2500000006
2018,01,19,966966.2500000006,9669.662500000006,2.0,7500.0,10851.9,2018-01-19 10:13:00+05:30,100.0,10894.95,2018-01-19 15:20:00+05:30,3378.750000000082,970345.0000000007
2018,01,22,970345.0000000007,9703.450000000008,2.0,7500.0,10928.6,2018-01-22 10:02:00+05:30,100.0,10967.7,2018-01-22 15:20:00+05:30,2966.2499999999454,973311.2500000007
2018,01,23,973311.2500000007,9733.112500000007,2.0,7500.0,10997.4,2018-01-23 09:15:00+05:30,100.0,11088.8,2018-01-23 15:20:00+05:30,6952.500000000055,980263.7500000007
2018,01,29,980263.7500000007,9802.637500000008,2.0,7500.0,11102.3,2018-01-29 09:15:00+05:30,100.0,11124.5,2018-01-29 15:20:00+05:30,1773.7500000001091,982037.5000000008
2018,02,01,982037.5000000008,9820.37500000001,2.0,7500.0,11076.85,2018-02-01 09:15:00+05:30,100.0,10952.45,2018-02-01 12:40:00+05:30,-9329.999999999973,972707.5000000008
2018,02,01,972707.5000000008,9727.075000000008,2.0,7500.0,11063.8,2018-02-01 13:11:00+05:30,100.0,11013.9,2018-02-01 15:20:00+05:30,-3577.499999999918,969130.0000000009
2018,02,07,969130.0000000009,9691.30000000001,2.0,7500.0,10607.2,2018-02-07 09:15:00+05:30,100.0,10506.45,2018-02-07 10:58:00+05:30,-7556.250000000001,961573.7500000009
2018,02,08,961573.7500000009,9615.73750000001,2.0,7500.0,10518.5,2018-02-08 09:15:00+05:30,100.0,10577.65,2018-02-08 15:20:00+05:30,4548.749999999973,966122.5000000009
2018,02,12,966122.5000000009,9661.22500000001,2.0,7500.0,10518.2,2018-02-12 09:15:00+05:30,100.0,10531.6,2018-02-12 15:20:00+05:30,1053.7499999999454,967176.2500000009
2018,02,14,967176.2500000009,9671.76250000001,2.0,7500.0,10585.75,2018-02-14 09:15:00+05:30,100.0,10488.9,2018-02-14 15:20:00+05:30,-6791.249999999945,960385.0000000009
2018,02,15,960385.0000000009,9603.85000000001,2.0,7500.0,10537.9,2018-02-15 09:15:00+05:30,100.0,10547.05,2018-02-15 15:20:00+05:30,690.0000000000546,961075.0000000009
2018,02,16,961075.0000000009,9610.75000000001,2.0,7500.0,10596.2,2018-02-16 09:15:00+05:30,100.0,10494.15,2018-02-16 11:48:00+05:30,-7653.750000000081,953421.2500000008
2018,02,19,953421.2500000008,9534.212500000009,2.0,7500.0,10488.9,2018-02-19 09:15:00+05:30,100.0,10388.05,2018-02-19 10:00:00+05:30,-7563.750000000028,945857.5000000008
2018,02,20,945857.5000000008,9458.575000000008,2.0,7500.0,10415.55,2018-02-20 09:37:00+05:30,100.0,10361.8,2018-02-20 15:20:00+05:30,-3783.749999999918,942073.7500000009
2018,02,21,942073.7500000009,9420.73750000001,2.0,7500.0,10426.0,2018-02-21 09:15:00+05:30,100.0,10403.35,2018-02-21 15:20:00+05:30,-1582.5000000000273,940491.2500000009
2018,02,23,940491.2500000009,9404.91250000001,2.0,7500.0,10408.1,2018-02-23 09:15:00+05:30,100.0,10493.95,2018-02-23 15:20:00+05:30,6479.999999999973,946971.2500000009
2018,02,26,946971.2500000009,9469.712500000009,2.0,7500.0,10526.55,2018-02-26 09:15:00+05:30,100.0,10578.9,2018-02-26 15:20:00+05:30,4031.25,951002.5000000009
2018,02,27,951002.5000000009,9510.025000000009,2.0,7500.0,10615.2,2018-02-27 09:15:00+05:30,100.0,10550.15,2018-02-27 15:20:00+05:30,-4462.5,946540.0000000009
2018,03,01,946540.0000000009,9465.400000000009,2.0,7500.0,10518.3,2018-03-01 09:16:00+05:30,100.0,10457.05,2018-03-01 15:20:00+05:30,-4361.249999999973,942178.7500000009
2018,03,06,942178.7500000009,9421.78750000001,2.0,7500.0,10420.5,2018-03-06 09:15:00+05:30,100.0,10317.7,2018-03-06 14:47:00+05:30,-7709.999999999945,934468.7500000009
2018,03,08,934468.7500000009,9344.68750000001,2.0,7500.0,10216.25,2018-03-08 09:15:00+05:30,100.0,10233.35,2018-03-08 15:20:00+05:30,1500.0,935968.7500000009
2018,03,09,935968.7500000009,9359.68750000001,2.0,7500.0,10271.3,2018-03-09 09:15:00+05:30,100.0,10228.05,2018-03-09 15:20:00+05:30,-3191.2499999999454,932777.5000000009
2018,03,12,932777.5000000009,9327.775000000009,2.0,7500.0,10301.6,2018-03-12 09:15:00+05:30,100.0,10422.2,2018-03-12 15:20:00+05:30,9089.999999999918,941867.5000000008
2018,03,13,941867.5000000008,9418.675000000008,2.0,7500.0,10453.05,2018-03-13 10:02:00+05:30,100.0,10419.65,2018-03-13 15:20:00+05:30,-2381.25,939486.2500000008
2018,03,20,939486.2500000008,9394.862500000008,2.0,7500.0,10123.35,2018-03-20 10:12:00+05:30,100.0,10129.75,2018-03-20 15:20:00+05:30,536.2499999999727,940022.5000000008
2018,03,21,940022.5000000008,9400.225000000008,2.0,7500.0,10181.95,2018-03-21 09:15:00+05:30,100.0,10154.45,2018-03-21 15:20:00+05:30,-2036.2500000001091,937986.2500000007
2018,03,22,937986.2500000007,9379.862500000007,2.0,7500.0,10184.35,2018-03-22 09:25:00+05:30,100.0,10113.35,2018-03-22 15:20:00+05:30,-5126.250000000027,932860.0000000007
2018,03,26,932860.0000000007,9328.600000000008,2.0,7500.0,10011.85,2018-03-26 12:41:00+05:30,100.0,10126.75,2018-03-26 15:20:00+05:30,8617.499999999973,941477.5000000007
2018,03,27,941477.5000000007,9414.775000000007,2.0,7500.0,10188.0,2018-03-27 09:15:00+05:30,100.0,10181.35,2018-03-27 15:20:00+05:30,-318.75,941158.7500000007
2018,04,02,941158.7500000007,9411.587500000007,2.0,7500.0,10151.65,2018-04-02 09:15:00+05:30,100.0,10215.25,2018-04-02 15:20:00+05:30,4950.0,946108.7500000007
2018,04,04,946108.7500000007,9461.087500000007,2.0,7500.0,10274.6,2018-04-04 09:15:00+05:30,100.0,10169.85,2018-04-04 13:25:00+05:30,-7856.250000000001,938252.5000000007
2018,04,05,938252.5000000007,9382.525000000007,2.0,7500.0,10228.45,2018-04-05 09:15:00+05:30,100.0,10324.25,2018-04-05 15:20:00+05:30,7304.999999999973,945557.5000000007
2018,04,09,945557.5000000007,9455.575000000008,2.0,7500.0,10348.2,2018-04-09 09:15:00+05:30,100.0,10370.3,2018-04-09 15:20:00+05:30,1919.9999999998909,947477.5000000006
2018,04,10,947477.5000000006,9474.775000000007,2.0,7500.0,10412.9,2018-04-10 09:15:00+05:30,100.0,10407.8,2018-04-10 15:20:00+05:30,-270.0000000000273,947207.5000000006
2018,04,11,947207.5000000006,9472.075000000006,2.0,7500.0,10428.15,2018-04-11 09:15:00+05:30,100.0,10417.9,2018-04-11 15:20:00+05:30,-757.5000000000273,946450.0000000006
2018,04,12,946450.0000000006,9464.500000000005,2.0,7500.0,10444.45,2018-04-12 13:10:00+05:30,100.0,10458.75,2018-04-12 15:20:00+05:30,1166.2499999999454,947616.2500000006
2018,04,13,947616.2500000006,9476.162500000006,2.0,7500.0,10495.3,2018-04-13 09:15:00+05:30,100.0,10480.9,2018-04-13 15:20:00+05:30,-937.5,946678.7500000006
2018,04,16,946678.7500000006,9466.787500000006,2.0,7500.0,10511.8,2018-04-16 13:44:00+05:30,100.0,10530.3,2018-04-16 15:20:00+05:30,1466.2500000000819,948145.0000000007
2018,04,17,948145.0000000007,9481.450000000008,2.0,7500.0,10557.3,2018-04-17 09:15:00+05:30,100.0,10545.35,2018-04-17 15:20:00+05:30,-832.4999999998909,947312.5000000008
2018,04,18,947312.5000000008,9473.12500000001,2.0,7500.0,10578.9,2018-04-18 09:15:00+05:30,100.0,10533.75,2018-04-18 15:20:00+05:30,-3303.7499999999454,944008.7500000008
2018,04,19,944008.7500000008,9440.087500000009,2.0,7500.0,10563.65,2018-04-19 09:15:00+05:30,100.0,10568.65,2018-04-19 15:20:00+05:30,382.5000000000273,944391.2500000008
2018,04,23,944391.2500000008,9443.912500000008,2.0,7500.0,10606.65,2018-04-23 10:32:00+05:30,100.0,10584.05,2018-04-23 15:20:00+05:30,-1514.9999999999181,942876.2500000009
2018,04,24,942876.2500000009,9428.76250000001,2.0,7500.0,10609.4,2018-04-24 09:23:00+05:30,100.0,10611.05,2018-04-24 15:20:00+05:30,221.25000000005457,943097.5000000009
2018,04,26,943097.5000000009,9430.97500000001,2.0,7500.0,10591.2,2018-04-26 09:39:00+05:30,100.0,10620.75,2018-04-26 15:20:00+05:30,2489.999999999918,945587.5000000008
2018,04,27,945587.5000000008,9455.87500000001,2.0,7500.0,10651.65,2018-04-27 09:15:00+05:30,100.0,10691.35,2018-04-27 15:20:00+05:30,3060.000000000082,948647.5000000009
2018,04,30,948647.5000000009,9486.47500000001,2.0,7500.0,10737.4,2018-04-30 09:15:00+05:30,100.0,10735.15,2018-04-30 15:20:00+05:30,-26.250000000027285,948621.2500000009
2018,05,02,948621.2500000009,9486.212500000009,2.0,7500.0,10783.85,2018-05-02 09:15:00+05:30,100.0,10723.9,2018-05-02 15:20:00+05:30,-4327.500000000055,944293.7500000009
2018,05,04,944293.7500000009,9442.93750000001,2.0,7500.0,10700.45,2018-05-04 09:15:00+05:30,100.0,10616.15,2018-05-04 15:20:00+05:30,-6011.250000000109,938282.5000000008
2018,05,07,938282.5000000008,9382.825000000008,2.0,7500.0,10653.15,2018-05-07 09:15:00+05:30,100.0,10714.5,2018-05-07 15:20:00+05:30,4668.75,942951.2500000008
2018,05,08,942951.2500000008,9429.512500000008,2.0,7500.0,10757.9,2018-05-08 09:15:00+05:30,100.0,10715.5,2018-05-08 15:20:00+05:30,-3026.2500000000273,939925.0000000008
2018,05,09,939925.0000000008,9399.25000000001,2.0,7500.0,10742.0,2018-05-09 13:03:00+05:30,100.0,10740.6,2018-05-09 15:20:00+05:30,0.0,939925.0000000008
2018,05,10,939925.0000000008,9399.25000000001,2.0,7500.0,10779.65,2018-05-10 09:15:00+05:30,100.0,10712.9,2018-05-10 15:20:00+05:30,-4875.0,935050.0000000008
2018,05,11,935050.0000000008,9350.50000000001,2.0,7500.0,10741.95,2018-05-11 09:15:00+05:30,100.0,10806.0,2018-05-11 15:20:00+05:30,4957.499999999891,940007.5000000007
2018,05,14,940007.5000000007,9400.075000000008,2.0,7500.0,10826.75,2018-05-14 09:18:00+05:30,100.0,10806.9,2018-05-14 15:20:00+05:30,-1391.2499999999454,938616.2500000007
2018,05,15,938616.2500000007,9386.162500000008,2.0,7500.0,10832.2,2018-05-15 09:22:00+05:30,100.0,10794.9,2018-05-15 15:20:00+05:30,-2527.5000000000546,936088.7500000007
2018,05,17,936088.7500000007,9360.887500000008,2.0,7500.0,10775.6,2018-05-17 09:15:00+05:30,100.0,10672.7,2018-05-17 15:10:00+05:30,-7717.499999999973,928371.2500000007
2018,05,22,928371.2500000007,9283.712500000007,2.0,7500.0,10547.75,2018-05-22 09:54:00+05:30,100.0,10540.25,2018-05-22 15:20:00+05:30,-509.9999999999454,927861.2500000007
2018,05,24,927861.2500000007,9278.612500000007,2.0,7500.0,10464.85,2018-05-24 09:15:00+05:30,100.0,10517.4,2018-05-24 15:20:00+05:30,4034.9999999999454,931896.2500000007
2018,05,25,931896.2500000007,9318.962500000007,2.0,7500.0,10560.2,2018-05-25 09:26:00+05:30,100.0,10608.7,2018-05-25 15:20:00+05:30,3689.999999999918,935586.2500000006
2018,05,28,935586.2500000006,9355.862500000007,2.0,7500.0,10648.35,2018-05-28 09:15:00+05:30,100.0,10685.85,2018-05-28 15:20:00+05:30,3082.5000000000273,938668.7500000006
2018,05,29,938668.7500000006,9386.687500000005,2.0,7500.0,10711.25,2018-05-29 11:27:00+05:30,100.0,10631.35,2018-05-29 15:20:00+05:30,-5692.499999999973,932976.2500000006
2018,05,31,932976.2500000006,9329.762500000006,2.0,7500.0,10670.1,2018-05-31 09:15:00+05:30,100.0,10738.8,2018-05-31 15:20:00+05:30,5223.749999999973,938200.0000000006
2018,06,01,938200.0000000006,9382.000000000005,2.0,7500.0,10759.3,2018-06-01 09:22:00+05:30,100.0,10687.05,2018-06-01 15:20:00+05:30,-5167.499999999973,933032.5000000006
2018,06,04,933032.5000000006,9330.325000000006,2.0,7500.0,10765.95,2018-06-04 09:15:00+05:30,100.0,10649.05,2018-06-04 09:45:00+05:30,-8767.50000000011,924265.0000000005
2018,06,06,924265.0000000005,9242.650000000005,2.0,7500.0,10632.35,2018-06-06 10:07:00+05:30,100.0,10683.75,2018-06-06 15:20:00+05:30,3948.749999999973,928213.7500000005
2018,06,07,928213.7500000005,9282.137500000004,2.0,7500.0,10722.6,2018-06-07 09:15:00+05:30,100.0,10766.95,2018-06-07 15:20:00+05:30,3509.9999999999454,931723.7500000005
2018,06,11,931723.7500000005,9317.237500000005,2.0,7500.0,10793.0,2018-06-11 09:15:00+05:30,100.0,10778.9,2018-06-11 15:20:00+05:30,-779.9999999999727,930943.7500000005
2018,06,12,930943.7500000005,9309.437500000005,2.0,7500.0,10816.15,2018-06-12 09:15:00+05:30,100.0,10842.3,2018-06-12 15:20:00+05:30,2115.0000000000546,933058.7500000005
2018,06,13,933058.7500000005,9330.587500000005,2.0,7500.0,10887.5,2018-06-13 09:15:00+05:30,100.0,10854.4,2018-06-13 15:20:00+05:30,-2325.0,930733.7500000005
2018,06,20,930733.7500000005,9307.337500000005,2.0,7500.0,10752.7,2018-06-20 09:15:00+05:30,100.0,10769.2,2018-06-20 15:20:00+05:30,1350.0,932083.7500000005
2018,06,21,932083.7500000005,9320.837500000005,2.0,7500.0,10808.45,2018-06-21 09:15:00+05:30,100.0,10739.9,2018-06-21 15:20:00+05:30,-4818.75,927265.0000000005
2018,06,22,927265.0000000005,9272.650000000005,2.0,7500.0,10769.95,2018-06-22 13:30:00+05:30,100.0,10823.5,2018-06-22 15:20:00+05:30,4203.749999999945,931468.7500000005
2018,06,26,931468.7500000005,9314.687500000005,2.0,7500.0,10786.0,2018-06-26 10:55:00+05:30,100.0,10758.75,2018-06-26 15:20:00+05:30,-1829.9999999999727,929638.7500000005
2018,06,29,929638.7500000005,9296.387500000004,2.0,7500.0,10630.1,2018-06-29 09:15:00+05:30,100.0,10713.3,2018-06-29 15:20:00+05:30,6375.0,936013.7500000005
2018,07,03,936013.7500000005,9360.137500000004,2.0,7500.0,10678.45,2018-07-03 09:47:00+05:30,100.0,10698.25,2018-07-03 15:20:00+05:30,1544.9999999998909,937558.7500000003
2018,07,04,937558.7500000003,9375.587500000003,2.0,7500.0,10734.7,2018-07-04 13:22:00+05:30,100.0,10768.65,2018-07-04 15:20:00+05:30,2654.9999999999727,940213.7500000003
2018,07,06,940213.7500000003,9402.137500000004,2.0,7500.0,10781.65,2018-07-06 09:42:00+05:30,100.0,10764.55,2018-07-06 15:20:00+05:30,-1177.4999999999181,939036.2500000005
2018,07,09,939036.2500000005,9390.362500000005,2.0,7500.0,10838.3,2018-07-09 09:15:00+05:30,100.0,10853.4,2018-07-09 15:20:00+05:30,1290.0000000000546,940326.2500000005
2018,07,10,940326.2500000005,9403.262500000004,2.0,7500.0,10902.75,2018-07-10 09:15:00+05:30,100.0,10952.95,2018-07-10 15:20:00+05:30,3765.000000000055,944091.2500000005
2018,07,11,944091.2500000005,9440.912500000004,2.0,7500.0,10975.05,2018-07-11 10:28:00+05:30,100.0,10949.1,2018-07-11 15:20:00+05:30,-1826.2499999998909,942265.0000000006
2018,07,12,942265.0000000006,9422.650000000007,2.0,7500.0,11006.95,2018-07-12 09:15:00+05:30,100.0,11016.4,2018-07-12 15:20:00+05:30,952.4999999999183,943217.5000000005
2018,07,13,943217.5000000005,9432.175000000005,2.0,7500.0,11056.9,2018-07-13 09:15:00+05:30,100.0,11017.9,2018-07-13 15:20:00+05:30,-2696.249999999918,940521.2500000006
2018,07,17,940521.2500000006,9405.212500000007,2.0,7500.0,10969.45,2018-07-17 09:22:00+05:30,100.0,11010.45,2018-07-17 15:20:00+05:30,3112.5,943633.7500000006
2018,07,18,943633.7500000006,9436.337500000007,2.0,7500.0,11060.2,2018-07-18 09:15:00+05:30,100.0,10956.85,2018-07-18 12:21:00+05:30,-7751.250000000027,935882.5000000006
2018,07,20,935882.5000000006,9358.825000000006,2.0,7500.0,10994.7,2018-07-20 09:54:00+05:30,100.0,11007.3,2018-07-20 15:20:00+05:30,944.999999999891,936827.5000000005
2018,07,23,936827.5000000005,9368.275000000005,2.0,7500.0,11044.4,2018-07-23 09:18:00+05:30,100.0,11084.95,2018-07-23 15:20:00+05:30,3116.250000000082,939943.7500000006
2018,07,24,939943.7500000006,9399.437500000005,2.0,7500.0,11109.0,2018-07-24 09:15:00+05:30,100.0,11135.05,2018-07-24 15:20:00+05:30,2152.5000000000546,942096.2500000006
2018,07,26,942096.2500000006,9420.962500000007,2.0,7500.0,11156.75,2018-07-26 09:15:00+05:30,100.0,11168.75,2018-07-26 15:20:00+05:30,1031.25,943127.5000000006
2018,07,27,943127.5000000006,9431.275000000007,2.0,7500.0,11232.75,2018-07-27 09:15:00+05:30,100.0,11275.9,2018-07-27 15:20:00+05:30,3307.5000000000273,946435.0000000006
2018,07,30,946435.0000000006,9464.350000000006,2.0,7500.0,11302.4,2018-07-30 09:15:00+05:30,100.0,11315.3,2018-07-30 15:20:00+05:30,1177.5000000000546,947612.5000000006
2018,08,01,947612.5000000006,9476.125000000005,2.0,7500.0,11386.7,2018-08-01 09:24:00+05:30,100.0,11335.15,2018-08-01 15:20:00+05:30,-3562.5,944050.0000000006
2018,08,03,944050.0000000006,9440.500000000005,2.0,7500.0,11297.8,2018-08-03 09:15:00+05:30,100.0,11357.9,2018-08-03 15:20:00+05:30,4507.500000000027,948557.5000000006
2018,08,06,948557.5000000006,9485.575000000006,2.0,7500.0,11401.5,2018-08-06 09:15:00+05:30,100.0,11388.2,2018-08-06 15:20:00+05:30,-903.7499999999454,947653.7500000006
2018,08,07,947653.7500000006,9476.537500000006,2.0,7500.0,11423.15,2018-08-07 09:15:00+05:30,100.0,11386.3,2018-08-07 15:20:00+05:30,-2711.2499999999727,944942.5000000006
2018,08,08,944942.5000000006,9449.425000000007,2.0,7500.0,11422.65,2018-08-08 09:15:00+05:30,100.0,11449.1,2018-08-08 15:20:00+05:30,1983.7500000000546,946926.2500000006
2018,08,09,946926.2500000006,9469.262500000006,2.0,7500.0,11493.25,2018-08-09 09:15:00+05:30,100.0,11469.5,2018-08-09 15:20:00+05:30,-1612.5,945313.7500000006
2018,08,14,945313.7500000006,9453.137500000006,2.0,7500.0,11392.3,2018-08-14 09:16:00+05:30,100.0,11434.3,2018-08-14 15:20:00+05:30,3198.750000000109,948512.5000000007
2018,08,17,948512.5000000007,9485.125000000007,2.0,7500.0,11437.15,2018-08-17 09:15:00+05:30,100.0,11462.3,2018-08-17 15:20:00+05:30,1950.0,950462.5000000007
2018,08,20,950462.5000000007,9504.625000000007,2.0,7500.0,11502.1,2018-08-20 09:15:00+05:30,100.0,11548.65,2018-08-20 15:20:00+05:30,3551.2500000000273,954013.7500000007
2018,08,23,954013.7500000007,9540.137500000008,2.0,7500.0,11620.7,2018-08-23 09:15:00+05:30,100.0,11586.3,2018-08-23 15:20:00+05:30,-2370.0000000000273,951643.7500000007
2018,08,27,951643.7500000007,9516.437500000007,2.0,7500.0,11605.85,2018-08-27 09:15:00+05:30,100.0,11690.9,2018-08-27 15:20:00+05:30,6423.749999999973,958067.5000000007
2018,08,28,958067.5000000007,9580.675000000007,2.0,7500.0,11731.95,2018-08-28 09:15:00+05:30,100.0,11742.6,2018-08-28 15:20:00+05:30,926.2499999998909,958993.7500000006
2018,08,31,958993.7500000006,9589.937500000005,2.0,7500.0,11714.35,2018-08-31 09:30:00+05:30,100.0,11680.65,2018-08-31 15:20:00+05:30,-2426.2500000000273,956567.5000000006
2018,09,03,956567.5000000006,9565.675000000007,2.0,7500.0,11751.8,2018-09-03 09:15:00+05:30,100.0,11651.65,2018-09-03 14:13:00+05:30,-7511.249999999972,949056.2500000006
2018,09,04,949056.2500000006,9490.562500000005,2.0,7500.0,11601.55,2018-09-04 09:15:00+05:30,100.0,11499.2,2018-09-04 14:32:00+05:30,-7676.249999999891,941380.0000000007
2018,09,06,941380.0000000007,9413.800000000007,2.0,7500.0,11514.15,2018-09-06 09:15:00+05:30,100.0,11526.65,2018-09-06 15:20:00+05:30,1076.2500000000273,942456.2500000007
2018,09,07,942456.2500000007,9424.562500000007,2.0,7500.0,11558.25,2018-09-07 09:15:00+05:30,100.0,11582.5,2018-09-07 15:20:00+05:30,2096.2500000000546,944552.5000000007
2018,09,11,944552.5000000007,9445.525000000007,2.0,7500.0,11476.85,2018-09-11 09:15:00+05:30,100.0,11374.65,2018-09-11 13:59:00+05:30,-7665.0000000000555,936887.5000000007
2018,09,12,936887.5000000007,9368.875000000007,2.0,7500.0,11340.1,2018-09-12 09:15:00+05:30,100.0,11373.35,2018-09-12 15:20:00+05:30,2561.2499999999727,939448.7500000007
2018,09,14,939448.7500000007,9394.487500000007,2.0,7500.0,11443.5,2018-09-14 09:15:00+05:30,100.0,11514.4,2018-09-14 15:20:00+05:30,5606.25,945055.0000000007
2018,09,18,945055.0000000007,9450.550000000007,2.0,7500.0,11403.45,2018-09-18 09:20:00+05:30,100.0,11301.7,2018-09-18 14:53:00+05:30,-7631.250000000001,937423.7500000007
2018,09,19,937423.7500000007,9374.237500000007,2.0,7500.0,11326.65,2018-09-19 09:15:00+05:30,100.0,11226.25,2018-09-19 14:30:00+05:30,-7529.999999999974,929893.7500000007
2018,09,21,929893.7500000007,9298.937500000007,2.0,7500.0,11271.3,2018-09-21 09:15:00+05:30,100.0,11155.4,2018-09-21 12:56:00+05:30,-8692.499999999973,921201.2500000007
2018,09,25,921201.2500000007,9212.012500000008,2.0,7500.0,11002.2,2018-09-25 10:22:00+05:30,100.0,11059.65,2018-09-25 15:20:00+05:30,4601.249999999891,925802.5000000006
2018,09,26,925802.5000000006,9258.025000000007,2.0,7500.0,11145.55,2018-09-26 09:15:00+05:30,100.0,11043.25,2018-09-26 10:35:00+05:30,-7672.499999999946,918130.0000000006
2018,09,27,918130.0000000006,9181.300000000007,2.0,7500.0,11079.8,2018-09-27 09:15:00+05:30,100.0,10971.5,2018-09-27 13:20:00+05:30,-8122.4999999999445,910007.5000000006
2018,09,28,910007.5000000006,9100.075000000006,2.0,7500.0,11033.45,2018-09-28 09:15:00+05:30,100.0,10927.35,2018-09-28 09:31:00+05:30,-7957.500000000028,902050.0000000006
2018,09,28,902050.0000000006,9020.500000000005,2.0,7500.0,11016.85,2018-09-28 11:35:00+05:30,100.0,10912.6,2018-09-28 14:00:00+05:30,-7818.75,894231.2500000006
2018,10,01,894231.2500000006,8942.312500000005,2.0,7500.0,10962.0,2018-10-01 14:20:00+05:30,100.0,11007.9,2018-10-01 15:20:00+05:30,3626.2500000000273,897857.5000000006
2018,10,08,897857.5000000006,8978.575000000006,2.0,7500.0,10310.15,2018-10-08 09:15:00+05:30,100.0,10207.9,2018-10-08 09:31:00+05:30,-7668.75,890188.7500000006
2018,10,08,890188.7500000006,8901.887500000006,2.0,7500.0,10301.6,2018-10-08 09:52:00+05:30,100.0,10200.7,2018-10-08 14:28:00+05:30,-7567.499999999973,882621.2500000006
2018,10,09,882621.2500000006,8826.212500000007,2.0,7500.0,10390.3,2018-10-09 09:15:00+05:30,100.0,10290.25,2018-10-09 12:45:00+05:30,-7503.7499999999445,875117.5000000006
2018,10,09,875117.5000000006,8751.175000000007,2.0,7500.0,10380.3,2018-10-09 14:44:00+05:30,100.0,10279.9,2018-10-09 15:16:00+05:30,-7529.999999999974,867587.5000000006
2018,10,10,867587.5000000006,8675.875000000005,2.0,7500.0,10331.85,2018-10-10 09:15:00+05:30,100.0,10456.6,2018-10-10 15:20:00+05:30,9562.5,877150.0000000006
2018,10,12,877150.0000000006,8771.500000000005,2.0,7500.0,10331.55,2018-10-12 09:15:00+05:30,100.0,10464.6,2018-10-12 15:20:00+05:30,10166.250000000082,887316.2500000007
2018,10,15,887316.2500000007,8873.162500000008,2.0,7500.0,10524.2,2018-10-15 09:15:00+05:30,100.0,10419.4,2018-10-15 10:56:00+05:30,-7860.000000000082,879456.2500000006
2018,10,15,879456.2500000006,8794.562500000005,2.0,7500.0,10494.1,2018-10-15 13:18:00+05:30,100.0,10513.9,2018-10-15 15:20:00+05:30,1702.4999999999181,881158.7500000005
2018,10,16,881158.7500000005,8811.587500000005,2.0,7500.0,10550.15,2018-10-16 09:15:00+05:30,100.0,10586.85,2018-10-16 15:20:00+05:30,3078.750000000082,884237.5000000006
2018,10,17,884237.5000000006,8842.375000000005,2.0,7500.0,10688.7,2018-10-17 09:15:00+05:30,100.0,10582.5,2018-10-17 11:30:00+05:30,-7965.0000000000555,876272.5000000006
2018,10,17,876272.5000000006,8762.725000000006,2.0,7500.0,10603.55,2018-10-17 12:01:00+05:30,100.0,10496.0,2018-10-17 14:31:00+05:30,-8066.249999999946,868206.2500000006
2018,10,22,868206.2500000006,8682.062500000005,2.0,7500.0,10405.85,2018-10-22 09:15:00+05:30,100.0,10303.3,2018-10-22 09:46:00+05:30,-7691.250000000082,860515.0000000005
2018,10,22,860515.0000000005,8605.150000000005,2.0,7500.0,10344.95,2018-10-22 10:07:00+05:30,100.0,10243.45,2018-10-22 15:06:00+05:30,-7612.499999999999,852902.5000000005
2018,10,24,852902.5000000005,8529.025000000005,2.0,7500.0,10278.15,2018-10-24 09:15:00+05:30,100.0,10175.95,2018-10-24 10:39:00+05:30,-7664.999999999918,845237.5000000006
2018,10,24,845237.5000000006,8452.375000000005,2.0,7500.0,10210.5,2018-10-24 12:06:00+05:30,100.0,10229.05,2018-10-24 15:20:00+05:30,1500.0,846737.5000000006
2018,10,29,846737.5000000006,8467.375000000005,2.0,7500.0,10078.1,2018-10-29 09:15:00+05:30,100.0,10254.85,2018-10-29 15:20:00+05:30,13334.999999999945,860072.5000000006
2018,10,30,860072.5000000006,8600.725000000006,2.0,7500.0,10281.0,2018-10-30 10:18:00+05:30,100.0,10175.8,2018-10-30 14:41:00+05:30,-7890.0000000000555,852182.5000000006
2018,10,31,852182.5000000006,8521.825000000006,2.0,7500.0,10235.15,2018-10-31 09:15:00+05:30,100.0,10123.9,2018-10-31 09:54:00+05:30,-8343.75,843838.7500000006
2018,10,31,843838.7500000006,8438.387500000006,2.0,7500.0,10220.4,2018-10-31 12:06:00+05:30,100.0,10383.15,2018-10-31 15:20:00+05:30,12577.500000000055,856416.2500000006
2018,11,01,856416.2500000006,8564.162500000006,2.0,7500.0,10441.7,2018-11-01 09:15:00+05:30,100.0,10373.4,2018-11-01 15:20:00+05:30,-4897.500000000082,851518.7500000005
2018,11,02,851518.7500000005,8515.187500000005,2.0,7500.0,10462.3,2018-11-02 09:15:00+05:30,100.0,10544.6,2018-11-02 15:20:00+05:30,6457.500000000027,857976.2500000005
2018,11,06,857976.2500000005,8579.762500000004,2.0,7500.0,10569.5,2018-11-06 09:15:00+05:30,100.0,10523.85,2018-11-06 15:20:00+05:30,-3082.5000000000273,854893.7500000005
2018,11,09,854893.7500000005,8548.937500000005,2.0,7500.0,10614.7,2018-11-09 09:15:00+05:30,100.0,10586.15,2018-11-09 15:20:00+05:30,-2028.7500000000816,852865.0000000003
2018,11,12,852865.0000000003,8528.650000000003,2.0,7500.0,10627.85,2018-11-12 09:15:00+05:30,100.0,10525.3,2018-11-12 13:37:00+05:30,-7691.250000000082,845173.7500000002
2018,11,13,845173.7500000002,8451.737500000003,2.0,7500.0,10505.95,2018-11-13 12:15:00+05:30,100.0,10586.1,2018-11-13 15:20:00+05:30,6172.499999999945,851346.2500000002
2018,11,14,851346.2500000002,8513.462500000003,2.0,7500.0,10634.9,2018-11-14 09:15:00+05:30,100.0,10533.4,2018-11-14 14:17:00+05:30,-7612.499999999999,843733.7500000002
2018,11,15,843733.7500000002,8437.337500000003,2.0,7500.0,10597.8,2018-11-15 09:17:00+05:30,100.0,10605.95,2018-11-15 15:20:00+05:30,630.0000000001091,844363.7500000003
2018,11,16,844363.7500000003,8443.637500000004,2.0,7500.0,10644.0,2018-11-16 09:15:00+05:30,100.0,10686.35,2018-11-16 15:20:00+05:30,3345.0000000000273,847708.7500000003
2018,11,19,847708.7500000003,8477.087500000003,2.0,7500.0,10731.25,2018-11-19 09:15:00+05:30,100.0,10763.45,2018-11-19 15:20:00+05:30,2415.0000000000546,850123.7500000003
2018,11,22,850123.7500000003,8501.237500000003,2.0,7500.0,10637.8,2018-11-22 09:31:00+05:30,100.0,10537.5,2018-11-22 14:50:00+05:30,-7522.499999999946,842601.2500000003
2018,11,26,842601.2500000003,8426.012500000004,2.0,7500.0,10568.3,2018-11-26 09:15:00+05:30,100.0,10627.8,2018-11-26 15:20:00+05:30,4515.000000000055,847116.2500000003
2018,11,27,847116.2500000003,8471.162500000004,2.0,7500.0,10661.45,2018-11-27 13:18:00+05:30,100.0,10683.05,2018-11-27 15:20:00+05:30,1863.7499999998909,848980.0000000002
2018,11,28,848980.0000000002,8489.800000000003,2.0,7500.0,10715.55,2018-11-28 09:15:00+05:30,100.0,10722.4,2018-11-28 15:20:00+05:30,723.7500000001091,849703.7500000003
2018,11,29,849703.7500000003,8497.037500000004,2.0,7500.0,10808.7,2018-11-29 09:15:00+05:30,100.0,10854.9,2018-11-29 15:20:00+05:30,3464.999999999918,853168.7500000002
2018,11,30,853168.7500000002,8531.687500000002,2.0,7500.0,10906.65,2018-11-30 09:18:00+05:30,100.0,10881.85,2018-11-30 15:20:00+05:30,-1845.0000000000273,851323.7500000002
2018,12,03,851323.7500000002,8513.237500000003,2.0,7500.0,10930.7,2018-12-03 09:15:00+05:30,100.0,10884.25,2018-12-03 15:20:00+05:30,-3300.0,848023.7500000002
2018,12,07,848023.7500000002,8480.237500000003,2.0,7500.0,10644.8,2018-12-07 09:15:00+05:30,100.0,10697.45,2018-12-07 15:20:00+05:30,4110.000000000082,852133.7500000003
2018,12,11,852133.7500000003,8521.337500000003,2.0,7500.0,10511.05,2018-12-11 11:40:00+05:30,100.0,10550.25,2018-12-11 15:20:00+05:30,2947.500000000082,855081.2500000005
2018,12,12,855081.2500000005,8550.812500000005,2.0,7500.0,10589.2,2018-12-12 09:15:00+05:30,100.0,10743.95,2018-12-12 15:20:00+05:30,11786.249999999973,866867.5000000005
2018,12,13,866867.5000000005,8668.675000000005,2.0,7500.0,10791.45,2018-12-13 09:15:00+05:30,100.0,10800.05,2018-12-13 15:20:00+05:30,750.0,867617.5000000005
2018,12,17,867617.5000000005,8676.175000000005,2.0,7500.0,10853.2,2018-12-17 09:15:00+05:30,100.0,10880.15,2018-12-17 15:20:00+05:30,2077.499999999918,869695.0000000003
2018,12,19,869695.0000000003,8696.950000000004,2.0,7500.0,10948.1,2018-12-19 09:15:00+05:30,100.0,10961.4,2018-12-19 15:20:00+05:30,1188.7500000000273,870883.7500000003
2018,12,26,870883.7500000003,8708.837500000003,2.0,7500.0,10700.85,2018-12-26 13:54:00+05:30,100.0,10729.7,2018-12-26 15:20:00+05:30,2212.5,873096.2500000003
2018,12,27,873096.2500000003,8730.962500000003,2.0,7500.0,10817.9,2018-12-27 09:15:00+05:30,100.0,10778.4,2018-12-27 15:20:00+05:30,-2864.999999999918,870231.2500000005
2018,12,28,870231.2500000005,8702.312500000005,2.0,7500.0,10820.95,2018-12-28 09:15:00+05:30,100.0,10857.35,2018-12-28 15:20:00+05:30,2797.4999999999454,873028.7500000005
2018,12,31,873028.7500000005,8730.287500000004,2.0,7500.0,10913.2,2018-12-31 09:15:00+05:30,100.0,10860.55,2018-12-31 15:20:00+05:30,-3776.2500000000273,869252.5000000005
2019,01,03,869252.5000000005,8692.525000000005,2.0,7500.0,10810.2,2019-01-03 09:43:00+05:30,100.0,10704.65,2019-01-03 12:23:00+05:30,-7916.250000000083,861336.2500000003
2019,01,04,861336.2500000003,8613.362500000003,2.0,7500.0,10699.7,2019-01-04 09:15:00+05:30,100.0,10725.05,2019-01-04 15:20:00+05:30,2163.749999999891,863500.0000000002
2019,01,07,863500.0000000002,8635.000000000002,2.0,7500.0,10804.85,2019-01-07 09:15:00+05:30,100.0,10774.15,2019-01-07 15:20:00+05:30,-2208.7500000000546,861291.2500000002
2019,01,08,861291.2500000002,8612.912500000002,2.0,7500.0,10798.3,2019-01-08 10:17:00+05:30,100.0,10799.15,2019-01-08 15:20:00+05:30,435.00000000008185,861726.2500000003
2019,01,09,861726.2500000003,8617.262500000004,2.0,7500.0,10862.4,2019-01-09 09:15:00+05:30,100.0,10752.6,2019-01-09 14:00:00+05:30,-8234.999999999945,853491.2500000003
2019,01,09,853491.2500000003,8534.912500000004,2.0,7500.0,10818.6,2019-01-09 14:42:00+05:30,100.0,10854.45,2019-01-09 15:20:00+05:30,2958.749999999918,856450.0000000002
2019,01,11,856450.0000000002,8564.500000000002,2.0,7500.0,10844.75,2019-01-11 09:16:00+05:30,100.0,10744.15,2019-01-11 14:00:00+05:30,-7545.000000000026,848905.0000000002
2019,01,15,848905.0000000002,8489.050000000003,2.0,7500.0,10777.55,2019-01-15 09:15:00+05:30,100.0,10890.95,2019-01-15 15:20:00+05:30,8505.00000000011,857410.0000000003
2019,01,16,857410.0000000003,8574.100000000004,2.0,7500.0,10915.55,2019-01-16 09:15:00+05:30,100.0,10885.6,2019-01-16 15:20:00+05:30,-2141.2499999999454,855268.7500000003
2019,01,17,855268.7500000003,8552.687500000004,2.0,7500.0,10920.85,2019-01-17 09:15:00+05:30,100.0,10895.85,2019-01-17 15:20:00+05:30,-1829.9999999999727,853438.7500000003
2019,01,18,853438.7500000003,8534.387500000004,2.0,7500.0,10927.65,2019-01-18 09:15:00+05:30,100.0,10905.6,2019-01-18 15:20:00+05:30,-1462.5,851976.2500000003
2019,01,21,851976.2500000003,8519.762500000004,2.0,7500.0,10936.05,2019-01-21 09:36:00+05:30,100.0,10955.15,2019-01-21 15:20:00+05:30,1608.7500000000546,853585.0000000003
2019,01,24,853585.0000000003,8535.850000000004,2.0,7500.0,10857.4,2019-01-24 10:46:00+05:30,100.0,10853.5,2019-01-24 15:20:00+05:30,-101.25000000002728,853483.7500000003
2019,01,25,853483.7500000003,8534.837500000003,2.0,7500.0,10909.5,2019-01-25 09:15:00+05:30,100.0,10787.6,2019-01-25 14:18:00+05:30,-9142.499999999973,844341.2500000003
2019,01,28,844341.2500000003,8443.412500000004,2.0,7500.0,10803.95,2019-01-28 09:23:00+05:30,100.0,10703.3,2019-01-28 09:50:00+05:30,-7548.750000000109,836792.5000000002
2019,01,30,836792.5000000002,8367.925000000003,2.0,7500.0,10706.85,2019-01-30 09:15:00+05:30,100.0,10657.5,2019-01-30 15:20:00+05:30,-3345.0000000000273,833447.5000000002
2019,01,31,833447.5000000002,8334.475000000002,2.0,7500.0,10690.55,2019-01-31 09:15:00+05:30,100.0,10829.2,2019-01-31 15:20:00+05:30,10631.25,844078.7500000002
2019,02,01,844078.7500000002,8440.787500000002,2.0,7500.0,10851.35,2019-02-01 09:15:00+05:30,100.0,10893.45,2019-02-01 15:20:00+05:30,3483.749999999918,847562.5000000001
2019,02,05,847562.5000000001,8475.625000000002,2.0,7500.0,10936.75,2019-02-05 12:00:00+05:30,100.0,10932.75,2019-02-05 15:20:00+05:30,-108.75000000005457,847453.7500000001
2019,02,06,847453.7500000001,8474.537500000002,2.0,7500.0,10965.1,2019-02-06 09:15:00+05:30,100.0,11060.8,2019-02-06 15:20:00+05:30,7196.249999999918,854650.0
2019,02,07,854650.0,8546.5,2.0,7500.0,11096.3,2019-02-07 09:26:00+05:30,100.0,11053.95,2019-02-07 15:20:00+05:30,-2887.5,851762.5
2019,02,13,851762.5,8517.625,2.0,7500.0,10870.55,2019-02-13 09:15:00+05:30,100.0,10780.5,2019-02-13 15:20:00+05:30,-6513.749999999891,845248.7500000001
2019,02,18,845248.7500000001,8452.487500000001,2.0,7500.0,10759.05,2019-02-18 09:15:00+05:30,100.0,10657.4,2019-02-18 09:52:00+05:30,-7623.749999999973,837625.0000000001
2019,02,19,837625.0000000001,8376.250000000002,2.0,7500.0,10661.05,2019-02-19 09:17:00+05:30,100.0,10596.9,2019-02-19 15:20:00+05:30,-4507.499999999891,833117.5000000002
2019,02,20,833117.5000000002,8331.175000000003,2.0,7500.0,10655.45,2019-02-20 09:15:00+05:30,100.0,10741.05,2019-02-20 15:20:00+05:30,6419.999999999891,839537.5000000001
2019,02,21,839537.5000000001,8395.375000000002,2.0,7500.0,10769.2,2019-02-21 11:30:00+05:30,100.0,10792.55,2019-02-21 15:20:00+05:30,1837.5,841375.0000000001
2019,02,25,841375.0000000001,8413.750000000002,2.0,7500.0,10824.8,2019-02-25 09:15:00+05:30,100.0,10880.1,2019-02-25 15:20:00+05:30,4215.000000000055,845590.0000000001
2019,02,27,845590.0000000001,8455.900000000001,2.0,7500.0,10881.2,2019-02-27 09:15:00+05:30,100.0,10780.5,2019-02-27 12:01:00+05:30,-7552.500000000055,838037.5000000001
2019,02,28,838037.5000000001,8380.375000000002,2.0,7500.0,10865.7,2019-02-28 09:15:00+05:30,100.0,10791.3,2019-02-28 15:20:00+05:30,-5531.25,832506.2500000001
2019,03,01,832506.2500000001,8325.062500000002,2.0,7500.0,10842.65,2019-03-01 09:15:00+05:30,100.0,10859.0,2019-03-01 15:20:00+05:30,1320.0000000000273,833826.2500000001
2019,03,05,833826.2500000001,8338.2625,2.0,7500.0,10889.1,2019-03-05 10:52:00+05:30,100.0,10988.6,2019-03-05 15:20:00+05:30,7657.500000000027,841483.7500000001
2019,03,06,841483.7500000001,8414.837500000001,2.0,7500.0,11024.85,2019-03-06 09:15:00+05:30,100.0,11048.5,2019-03-06 15:20:00+05:30,1773.7499999999727,843257.5000000001
2019,03,07,843257.5000000001,8432.575,2.0,7500.0,11077.95,2019-03-07 09:15:00+05:30,100.0,11050.5,2019-03-07 15:20:00+05:30,-2040.0000000000548,841217.5000000001
2019,03,11,841217.5000000001,8412.175000000001,2.0,7500.0,11068.75,2019-03-11 09:15:00+05:30,100.0,11167.7,2019-03-11 15:20:00+05:30,7923.749999999974,849141.2500000001
2019,03,12,849141.2500000001,8491.412500000002,2.0,7500.0,11231.35,2019-03-12 09:15:00+05:30,100.0,11293.25,2019-03-12 15:20:00+05:30,4792.499999999973,853933.7500000001
2019,03,13,853933.7500000001,8539.337500000001,2.0,7500.0,11326.2,2019-03-13 09:15:00+05:30,100.0,11345.2,2019-03-13 15:20:00+05:30,1488.7499999998909,855422.5
2019,03,14,855422.5,8554.225,2.0,7500.0,11382.5,2019-03-14 09:15:00+05:30,100.0,11340.35,2019-03-14 15:20:00+05:30,-3108.7500000000546,852313.75
2019,03,15,852313.75,8523.1375,2.0,7500.0,11376.85,2019-03-15 09:15:00+05:30,100.0,11414.2,2019-03-15 15:20:00+05:30,2898.7499999999727,855212.5
2019,03,18,855212.5,8552.125,2.0,7500.0,11473.85,2019-03-18 09:15:00+05:30,100.0,11467.45,2019-03-18 15:20:00+05:30,-479.9999999999727,854732.5
2019,03,19,854732.5,8547.325,2.0,7500.0,11511.5,2019-03-19 14:01:00+05:30,100.0,11537.55,2019-03-19 15:20:00+05:30,2122.4999999999454,856855.0
2019,03,22,856855.0,8568.55,2.0,7500.0,11548.9,2019-03-22 09:15:00+05:30,100.0,11446.6,2019-03-22 14:16:00+05:30,-7672.499999999946,849182.5
2019,03,26,849182.5,8491.825,2.0,7500.0,11392.45,2019-03-26 09:15:00+05:30,100.0,11482.3,2019-03-26 15:20:00+05:30,6914.999999999918,856097.4999999999
2019,03,27,856097.4999999999,8560.974999999999,2.0,7500.0,11531.45,2019-03-27 09:15:00+05:30,100.0,11413.55,2019-03-27 13:50:00+05:30,-8842.50000000011,847254.9999999998
2019,03,28,847254.9999999998,8472.549999999997,2.0,7500.0,11463.65,2019-03-28 09:15:00+05:30,100.0,11574.3,2019-03-28 15:20:00+05:30,8478.750000000082,855733.7499999999
2019,03,29,855733.7499999999,8557.3375,2.0,7500.0,11625.45,2019-03-29 09:15:00+05:30,100.0,11620.05,2019-03-29 15:20:00+05:30,-326.2500000000273,855407.4999999999
2019,04,01,855407.4999999999,8554.074999999999,2.0,7500.0,11665.2,2019-04-01 09:15:00+05:30,100.0,11656.15,2019-04-01 15:20:00+05:30,-431.25,854976.2499999999
2019,04,02,854976.2499999999,8549.762499999999,2.0,7500.0,11711.55,2019-04-02 09:15:00+05:30,100.0,11722.8,2019-04-02 15:20:00+05:30,847.5000000000819,855823.75
2019,04,03,855823.75,8558.2375,2.0,7500.0,11754.45,2019-04-03 09:19:00+05:30,100.0,11654.45,2019-04-03 15:06:00+05:30,-7500.0,848323.75
2019,04,05,848323.75,8483.2375,2.0,7500.0,11638.4,2019-04-05 09:15:00+05:30,100.0,11674.5,2019-04-05 15:20:00+05:30,2707.5000000000273,851031.25
2019,04,09,851031.25,8510.3125,2.0,7500.0,11631.45,2019-04-09 09:50:00+05:30,100.0,11676.2,2019-04-09 15:20:00+05:30,3787.5,854818.75
2019,04,12,854818.75,8548.1875,2.0,7500.0,11636.5,2019-04-12 14:11:00+05:30,100.0,11641.6,2019-04-12 15:20:00+05:30,382.5000000000273,855201.25
2019,04,15,855201.25,8552.0125,2.0,7500.0,11667.0,2019-04-15 09:15:00+05:30,100.0,11685.95,2019-04-15 15:20:00+05:30,1541.2499999999454,856742.5
2019,04,16,856742.5,8567.425,2.0,7500.0,11736.2,2019-04-16 09:15:00+05:30,100.0,11783.55,2019-04-16 15:20:00+05:30,3614.999999999918,860357.4999999999
2019,04,18,860357.4999999999,8603.574999999999,2.0,7500.0,11856.15,2019-04-18 09:15:00+05:30,100.0,11754.2,2019-04-18 10:11:00+05:30,-7646.249999999919,852711.25
2019,04,23,852711.25,8527.1125,2.0,7500.0,11623.85,2019-04-23 09:18:00+05:30,100.0,11576.6,2019-04-23 15:20:00+05:30,-3363.7500000000273,849347.5
2019,04,24,849347.5,8493.475,2.0,7500.0,11619.75,2019-04-24 09:15:00+05:30,100.0,11728.7,2019-04-24 15:20:00+05:30,8351.250000000027,857698.75
2019,04,25,857698.75,8576.9875,2.0,7500.0,11755.45,2019-04-25 09:31:00+05:30,100.0,11654.5,2019-04-25 15:02:00+05:30,-7571.250000000054,850127.5
2019,04,26,850127.5,8501.275,2.0,7500.0,11683.75,2019-04-26 09:15:00+05:30,100.0,11753.55,2019-04-26 15:20:00+05:30,5400.0,855527.5
2019,05,02,855527.5,8555.275,2.0,7500.0,11770.95,2019-05-02 10:07:00+05:30,100.0,11720.55,2019-05-02 15:20:00+05:30,-3532.5000000000273,851995.0
2019,05,03,851995.0,8519.95,2.0,7500.0,11750.85,2019-05-03 09:19:00+05:30,100.0,11713.8,2019-05-03 15:20:00+05:30,-2775.0,849220.0
2019,05,07,849220.0,8492.2,2.0,7500.0,11651.5,2019-05-07 09:15:00+05:30,100.0,11549.3,2019-05-07 14:38:00+05:30,-7665.0000000000555,841555.0
2019,05,10,841555.0,8415.55,2.0,7500.0,11336.4,2019-05-10 09:16:00+05:30,100.0,11276.8,2019-05-10 15:20:00+05:30,-4222.499999999945,837332.5
2019,05,13,837332.5,8373.325,2.0,7500.0,11287.05,2019-05-13 10:06:00+05:30,100.0,11184.1,2019-05-13 14:59:00+05:30,-7721.249999999917,829611.2500000001
2019,05,14,829611.2500000001,8296.112500000001,2.0,7500.0,11188.45,2019-05-14 13:24:00+05:30,100.0,11233.4,2019-05-14 15:20:00+05:30,3900.0,833511.2500000001
2019,05,15,833511.2500000001,8335.112500000001,2.0,7500.0,11271.7,2019-05-15 09:15:00+05:30,100.0,11166.15,2019-05-15 15:04:00+05:30,-7916.250000000083,825595.0
2019,05,16,825595.0,8255.95,2.0,7500.0,11180.35,2019-05-16 09:15:00+05:30,100.0,11277.7,2019-05-16 15:20:00+05:30,7484.999999999945,833080.0
2019,05,17,833080.0,8330.8,2.0,7500.0,11311.95,2019-05-17 09:20:00+05:30,100.0,11402.25,2019-05-17 15:20:00+05:30,6828.749999999945,839908.75
2019,05,20,839908.75,8399.0875,2.0,7500.0,11651.9,2019-05-20 09:15:00+05:30,100.0,11818.7,2019-05-20 15:20:00+05:30,12611.249999999973,852520.0
2019,05,21,852520.0,8525.2,2.0,7500.0,11863.65,2019-05-21 09:15:00+05:30,100.0,11758.5,2019-05-21 13:11:00+05:30,-7886.249999999973,844633.75
2019,05,22,844633.75,8446.3375,2.0,7500.0,11745.85,2019-05-22 09:20:00+05:30,100.0,11730.25,2019-05-22 15:20:00+05:30,-1016.2500000000819,843617.4999999999
2019,05,23,843617.4999999999,8436.175,2.0,7500.0,11901.3,2019-05-23 09:15:00+05:30,100.0,11790.95,2019-05-23 12:28:00+05:30,-8276.24999999989,835341.25
2019,05,23,835341.25,8353.4125,2.0,7500.0,11794.95,2019-05-23 12:29:00+05:30,100.0,11693.55,2019-05-23 14:55:00+05:30,-7605.000000000108,827736.2499999999
2019,05,24,827736.2499999999,8277.3625,2.0,7500.0,11748.0,2019-05-24 09:15:00+05:30,100.0,11839.15,2019-05-24 15:20:00+05:30,6963.750000000027,834699.9999999999
2019,05,27,834699.9999999999,8346.999999999998,2.0,7500.0,11876.5,2019-05-27 09:25:00+05:30,100.0,11909.6,2019-05-27 15:20:00+05:30,2759.9999999999454,837459.9999999999
2019,05,28,837459.9999999999,8374.599999999999,2.0,7500.0,11958.35,2019-05-28 09:15:00+05:30,100.0,11924.25,2019-05-28 15:20:00+05:30,-2546.2500000000546,834913.7499999999
2019,05,30,834913.7499999999,8349.137499999999,2.0,7500.0,11897.85,2019-05-30 09:40:00+05:30,100.0,11943.15,2019-05-30 15:20:00+05:30,3397.4999999999454,838311.2499999999
2019,05,31,838311.2499999999,8383.1125,2.0,7500.0,11999.8,2019-05-31 09:15:00+05:30,100.0,11832.15,2019-05-31 12:00:00+05:30,-12573.749999999973,825737.4999999999
2019,06,03,825737.4999999999,8257.374999999998,2.0,7500.0,11953.75,2019-06-03 09:15:00+05:30,100.0,12092.25,2019-06-03 15:20:00+05:30,10387.5,836124.9999999999
2019,06,07,836124.9999999999,8361.249999999998,2.0,7500.0,11886.85,2019-06-07 10:17:00+05:30,100.0,11857.4,2019-06-07 15:20:00+05:30,-2171.2500000000546,833953.7499999999
2019,06,10,833953.7499999999,8339.537499999999,2.0,7500.0,11934.9,2019-06-10 09:15:00+05:30,100.0,11924.1,2019-06-10 15:20:00+05:30,-809.9999999999454,833143.7499999999
2019,06,11,833143.7499999999,8331.437499999998,2.0,7500.0,11959.85,2019-06-11 09:15:00+05:30,100.0,11965.25,2019-06-11 15:20:00+05:30,404.9999999999727,833548.7499999999
2019,06,17,833548.7499999999,8335.4875,2.0,7500.0,11844.0,2019-06-17 09:15:00+05:30,100.0,11743.2,2019-06-17 10:03:00+05:30,-7559.999999999945,825988.7499999999
2019,06,18,825988.7499999999,8259.887499999999,2.0,7500.0,11703.9,2019-06-18 09:16:00+05:30,100.0,11697.2,2019-06-18 15:20:00+05:30,-206.25,825782.4999999999
2019,06,19,825782.4999999999,8257.824999999999,2.0,7500.0,11744.45,2019-06-19 09:15:00+05:30,100.0,11643.65,2019-06-19 14:40:00+05:30,-7560.000000000082,818222.4999999998
2019,06,20,818222.4999999998,8182.224999999998,2.0,7500.0,11737.3,2019-06-20 10:59:00+05:30,100.0,11831.7,2019-06-20 15:20:00+05:30,7140.000000000055,825362.4999999998
2019,06,25,825362.4999999998,8253.624999999998,2.0,7500.0,11732.4,2019-06-25 12:16:00+05:30,100.0,11785.9,2019-06-25 15:20:00+05:30,4132.500000000027,829494.9999999998
2019,06,26,829494.9999999998,8294.949999999997,2.0,7500.0,11806.6,2019-06-26 09:25:00+05:30,100.0,11842.5,2019-06-26 15:20:00+05:30,2756.25,832251.2499999998
2019,06,27,832251.2499999998,8322.512499999997,2.0,7500.0,11874.8,2019-06-27 09:15:00+05:30,100.0,11842.05,2019-06-27 15:20:00+05:30,-2456.25,829794.9999999998
2019,07,01,829794.9999999998,8297.949999999997,2.0,7500.0,11839.9,2019-07-01 09:15:00+05:30,100.0,11863.9,2019-07-01 15:20:00+05:30,1931.25,831726.2499999998
2019,07,02,831726.2499999998,8317.262499999997,2.0,7500.0,11896.6,2019-07-02 14:01:00+05:30,100.0,11910.25,2019-07-02 15:20:00+05:30,1192.4999999999727,832918.7499999998
2019,07,03,832918.7499999998,8329.187499999998,2.0,7500.0,11937.45,2019-07-03 14:19:00+05:30,100.0,11916.15,2019-07-03 15:20:00+05:30,-1421.2500000000546,831497.4999999998
2019,07,04,831497.4999999998,8314.974999999999,2.0,7500.0,11944.6,2019-07-04 09:27:00+05:30,100.0,11941.15,2019-07-04 15:20:00+05:30,-75.0,831422.4999999998
2019,07,05,831422.4999999998,8314.224999999999,2.0,7500.0,11972.7,2019-07-05 09:15:00+05:30,100.0,11869.9,2019-07-05 13:05:00+05:30,-7710.000000000082,823712.4999999997
2019,07,10,823712.4999999997,8237.124999999996,2.0,7500.0,11586.2,2019-07-10 09:42:00+05:30,100.0,11485.7,2019-07-10 12:44:00+05:30,-7537.499999999999,816174.9999999997
2019,07,11,816174.9999999997,8161.749999999996,2.0,7500.0,11561.45,2019-07-11 09:15:00+05:30,100.0,11578.65,2019-07-11 15:20:00+05:30,1642.4999999999727,817817.4999999997
2019,07,12,817817.4999999997,8178.1749999999965,2.0,7500.0,11608.3,2019-07-12 09:15:00+05:30,100.0,11549.8,2019-07-12 15:20:00+05:30,-4301.249999999891,813516.2499999998
2019,07,15,813516.2499999998,8135.162499999998,2.0,7500.0,11614.75,2019-07-15 09:15:00+05:30,100.0,11587.8,2019-07-15 15:20:00+05:30,-1841.2499999999454,811674.9999999998
2019,07,16,811674.9999999998,8116.749999999998,2.0,7500.0,11619.4,2019-07-16 09:39:00+05:30,100.0,11664.25,2019-07-16 15:20:00+05:30,3495.0000000000273,815169.9999999998
2019,07,17,815169.9999999998,8151.699999999998,2.0,7500.0,11690.25,2019-07-17 10:07:00+05:30,100.0,11683.0,2019-07-17 15:20:00+05:30,-487.5,814682.4999999998
2019,07,19,814682.4999999998,8146.824999999998,2.0,7500.0,11639.6,2019-07-19 09:15:00+05:30,100.0,11537.65,2019-07-19 09:50:00+05:30,-7646.250000000054,807036.2499999998
2019,07,23,807036.2499999998,8070.362499999997,2.0,7500.0,11372.25,2019-07-23 09:15:00+05:30,100.0,11326.4,2019-07-23 15:20:00+05:30,-3420.0000000000273,803616.2499999998
2019,07,24,803616.2499999998,8036.162499999998,2.0,7500.0,11357.2,2019-07-24 09:17:00+05:30,100.0,11254.95,2019-07-24 09:58:00+05:30,-7668.75,795947.4999999998
2019,07,25,795947.4999999998,7959.474999999998,2.0,7500.0,11298.1,2019-07-25 09:15:00+05:30,100.0,11253.85,2019-07-25 15:20:00+05:30,-3251.2500000000273,792696.2499999998
2019,07,26,792696.2499999998,7926.962499999998,2.0,7500.0,11290.85,2019-07-26 11:32:00+05:30,100.0,11290.4,2019-07-26 15:20:00+05:30,270.0000000000273,792966.2499999998
2019,07,30,792966.2499999998,7929.662499999998,2.0,7500.0,11222.35,2019-07-30 09:17:00+05:30,100.0,11118.7,2019-07-30 14:36:00+05:30,-7773.749999999974,785192.4999999998
2019,07,31,785192.4999999998,7851.924999999997,2.0,7500.0,11108.95,2019-07-31 14:20:00+05:30,100.0,11116.8,2019-07-31 15:20:00+05:30,1016.2499999999455,786208.7499999998
2019,08,02,786208.7499999998,7862.087499999998,2.0,7500.0,11021.55,2019-08-02 13:54:00+05:30,100.0,10996.9,2019-08-02 15:20:00+05:30,-1398.7499999999727,784809.9999999998
2019,08,06,784809.9999999998,7848.099999999998,2.0,7500.0,10891.45,2019-08-06 09:17:00+05:30,100.0,10934.05,2019-08-06 15:20:00+05:30,3363.749999999891,788173.7499999997
2019,08,07,788173.7499999997,7881.7374999999965,2.0,7500.0,10959.05,2019-08-07 09:47:00+05:30,100.0,10857.05,2019-08-07 15:09:00+05:30,-7650.0,780523.7499999997
2019,08,08,780523.7499999997,7805.2374999999965,2.0,7500.0,10899.2,2019-08-08 09:15:00+05:30,100.0,11039.5,2019-08-08 15:20:00+05:30,10634.999999999945,791158.7499999997
2019,08,09,791158.7499999997,7911.587499999997,2.0,7500.0,11087.9,2019-08-09 09:15:00+05:30,100.0,11109.0,2019-08-09 15:20:00+05:30,1908.7500000000546,793067.4999999997
2019,08,13,793067.4999999997,7930.6749999999965,2.0,7500.0,11139.4,2019-08-13 09:15:00+05:30,100.0,11033.75,2019-08-13 13:15:00+05:30,-7923.749999999974,785143.7499999997
2019,08,14,785143.7499999997,7851.437499999996,2.0,7500.0,11003.25,2019-08-14 09:15:00+05:30,100.0,11024.25,2019-08-14 15:20:00+05:30,1792.4999999999727,786936.2499999997
2019,08,16,786936.2499999997,7869.3624999999965,2.0,7500.0,11043.65,2019-08-16 09:15:00+05:30,100.0,10941.05,2019-08-16 09:16:00+05:30,-7695.000000000026,779241.2499999997
2019,08,16,779241.2499999997,7792.412499999997,2.0,7500.0,11045.0,2019-08-16 12:09:00+05:30,100.0,11040.7,2019-08-16 15:20:00+05:30,-153.74999999994543,779087.4999999997
2019,08,19,779087.4999999997,7790.874999999996,2.0,7500.0,11094.8,2019-08-19 09:15:00+05:30,100.0,11050.6,2019-08-19 15:20:00+05:30,-3202.499999999918,775884.9999999998
2019,08,23,775884.9999999998,7758.849999999998,2.0,7500.0,10763.3,2019-08-23 10:30:00+05:30,100.0,10824.65,2019-08-23 15:20:00+05:30,4732.500000000027,780617.4999999998
2019,08,26,780617.4999999998,7806.174999999997,2.0,7500.0,11000.3,2019-08-26 09:15:00+05:30,100.0,10894.55,2019-08-26 09:23:00+05:30,-7931.250000000001,772686.2499999998
2019,08,26,772686.2499999998,7726.862499999997,2.0,7500.0,10903.9,2019-08-26 09:24:00+05:30,100.0,10795.35,2019-08-26 09:47:00+05:30,-8141.249999999946,764544.9999999998
2019,08,26,764544.9999999998,7645.449999999998,2.0,7500.0,10869.8,2019-08-26 11:33:00+05:30,100.0,11063.45,2019-08-26 15:20:00+05:30,14685.000000000082,779229.9999999999
2019,08,27,779229.9999999999,7792.299999999999,2.0,7500.0,11106.55,2019-08-27 09:15:00+05:30,100.0,11108.4,2019-08-27 15:20:00+05:30,251.25000000002728,779481.2499999999
2019,08,30,779481.2499999999,7794.812499999999,2.0,7500.0,10996.35,2019-08-30 09:15:00+05:30,100.0,10894.7,2019-08-30 11:19:00+05:30,-7623.749999999973,771857.4999999999
2019,08,30,771857.4999999999,7718.574999999999,2.0,7500.0,10989.85,2019-08-30 14:28:00+05:30,100.0,11034.65,2019-08-30 15:20:00+05:30,3453.7499999999454,775311.2499999999
2019,09,04,775311.2499999999,7753.112499999999,2.0,7500.0,10810.5,2019-09-04 09:16:00+05:30,100.0,10841.35,2019-09-04 15:20:00+05:30,2497.4999999999454,777808.7499999999
2019,09,05,777808.7499999999,7778.087499999999,2.0,7500.0,10884.1,2019-09-05 09:15:00+05:30,100.0,10852.25,2019-09-05 15:20:00+05:30,-2257.5000000000273,775551.2499999999
2019,09,06,775551.2499999999,7755.512499999999,2.0,7500.0,10883.8,2019-09-06 09:15:00+05:30,100.0,10944.75,2019-09-06 15:20:00+05:30,4743.75,780294.9999999999
2019,09,09,780294.9999999999,7802.949999999999,2.0,7500.0,10969.4,2019-09-09 10:06:00+05:30,100.0,11001.95,2019-09-09 15:20:00+05:30,2460.000000000082,782755.0
2019,09,11,782755.0,7827.55,2.0,7500.0,11034.0,2019-09-11 09:15:00+05:30,100.0,11029.55,2019-09-11 15:20:00+05:30,-26.250000000027285,782728.75
2019,09,12,782728.75,7827.2875,2.0,7500.0,11058.3,2019-09-12 09:15:00+05:30,100.0,10977.9,2019-09-12 15:20:00+05:30,-5891.249999999945,776837.5
2019,09,13,776837.5,7768.375,2.0,7500.0,11015.95,2019-09-13 09:20:00+05:30,100.0,11075.85,2019-09-13 15:20:00+05:30,4841.249999999945,781678.75
2019,09,18,781678.75,7816.7875,2.0,7500.0,10872.8,2019-09-18 09:15:00+05:30,100.0,10831.5,2019-09-18 15:20:00+05:30,-2782.499999999891,778896.2500000001
2019,09,20,778896.2500000001,7788.9625000000015,2.0,7500.0,10746.8,2019-09-20 09:15:00+05:30,100.0,11260.7,2019-09-20 15:20:00+05:30,38625.0,817521.2500000001
2019,09,23,817521.2500000001,8175.2125000000015,2.0,7500.0,11542.7,2019-09-23 09:15:00+05:30,100.0,11606.0,2019-09-23 15:20:00+05:30,4841.249999999945,822362.5000000001
2019,09,24,822362.5000000001,8223.625000000002,2.0,7500.0,11636.5,2019-09-24 09:20:00+05:30,100.0,11582.3,2019-09-24 15:20:00+05:30,-4065.0000000000546,818297.5000000001
2019,09,26,818297.5000000001,8182.975000000001,2.0,7500.0,11469.85,2019-09-26 09:15:00+05:30,100.0,11568.65,2019-09-26 15:20:00+05:30,7545.000000000026,825842.5000000001
2019,10,01,825842.5000000001,8258.425000000001,2.0,7500.0,11515.4,2019-10-01 09:15:00+05:30,100.0,11414.6,2019-10-01 10:07:00+05:30,-7559.999999999945,818282.5000000001
2019,10,01,818282.5000000001,8182.825000000002,2.0,7500.0,11508.05,2019-10-01 10:47:00+05:30,100.0,11396.7,2019-10-01 13:35:00+05:30,-8351.24999999989,809931.2500000002
2019,10,04,809931.2500000002,8099.312500000003,2.0,7500.0,11388.45,2019-10-04 09:15:00+05:30,100.0,11284.4,2019-10-04 11:57:00+05:30,-7803.750000000082,802127.5000000001
2019,10,07,802127.5000000001,8021.2750000000015,2.0,7500.0,11196.2,2019-10-07 09:15:00+05:30,100.0,11120.9,2019-10-07 15:20:00+05:30,-5572.500000000082,796555.0
2019,10,09,796555.0,7965.55,2.0,7500.0,11152.95,2019-10-09 09:15:00+05:30,100.0,11312.6,2019-10-09 15:20:00+05:30,12000.0,808555.0
2019,10,11,808555.0,8085.55,2.0,7500.0,11282.9,2019-10-11 09:15:00+05:30,100.0,11300.45,2019-10-11 15:20:00+05:30,1683.7500000000546,810238.75
2019,10,14,810238.75,8102.3875,2.0,7500.0,11335.9,2019-10-14 09:15:00+05:30,100.0,11328.7,2019-10-14 15:20:00+05:30,-509.9999999999454,809728.75
2019,10,15,809728.75,8097.2875,2.0,7500.0,11360.85,2019-10-15 09:15:00+05:30,100.0,11424.4,2019-10-15 15:20:00+05:30,4957.500000000027,814686.25
2019,10,16,814686.25,8146.8625,2.0,7500.0,11464.95,2019-10-16 09:15:00+05:30,100.0,11466.45,2019-10-16 15:20:00+05:30,146.24999999991815,814832.4999999999
2019,10,17,814832.4999999999,8148.324999999999,2.0,7500.0,11505.75,2019-10-17 12:59:00+05:30,100.0,11581.35,2019-10-17 15:20:00+05:30,5883.750000000055,820716.2499999999
2019,10,18,820716.2499999999,8207.162499999999,2.0,7500.0,11613.35,2019-10-18 09:33:00+05:30,100.0,11655.5,2019-10-18 15:20:00+05:30,3213.7500000000273,823929.9999999999
2019,10,22,823929.9999999999,8239.3,2.0,7500.0,11694.5,2019-10-22 09:24:00+05:30,100.0,11594.2,2019-10-22 13:50:00+05:30,-7522.499999999946,816407.4999999999
2019,10,23,816407.4999999999,8164.074999999999,2.0,7500.0,11623.15,2019-10-23 10:09:00+05:30,100.0,11606.5,2019-10-23 15:20:00+05:30,-1154.9999999999727,815252.4999999999
2019,10,24,815252.4999999999,8152.524999999999,2.0,7500.0,11661.65,2019-10-24 09:15:00+05:30,100.0,11549.55,2019-10-24 13:21:00+05:30,-8407.500000000027,806844.9999999999
2019,10,25,806844.9999999999,8068.449999999999,2.0,7500.0,11646.15,2019-10-25 09:15:00+05:30,100.0,11542.15,2019-10-25 12:41:00+05:30,-7800.0,799044.9999999999
2019,10,25,799044.9999999999,7990.449999999999,2.0,7500.0,11615.15,2019-10-25 14:39:00+05:30,100.0,11577.85,2019-10-25 15:20:00+05:30,-2309.9999999999454,796734.9999999999
2019,10,29,796734.9999999999,7967.349999999999,2.0,7500.0,11643.95,2019-10-29 09:15:00+05:30,100.0,11783.2,2019-10-29 15:20:00+05:30,10709.999999999945,807444.9999999999
2019,10,30,807444.9999999999,8074.449999999999,2.0,7500.0,11883.9,2019-10-30 09:15:00+05:30,100.0,11847.3,2019-10-30 15:20:00+05:30,-2733.749999999918,804711.25
2019,10,31,804711.25,8047.1125,2.0,7500.0,11890.45,2019-10-31 09:15:00+05:30,100.0,11872.2,2019-10-31 15:20:00+05:30,-1335.0000000000819,803376.2499999999
2019,11,01,803376.2499999999,8033.762499999999,2.0,7500.0,11911.2,2019-11-01 09:25:00+05:30,100.0,11890.65,2019-11-01 15:20:00+05:30,-1241.2500000000819,802134.9999999998
2019,11,04,802134.9999999998,8021.349999999998,2.0,7500.0,11944.85,2019-11-04 09:15:00+05:30,100.0,11935.55,2019-11-04 15:20:00+05:30,-506.25000000000006,801628.7499999998
2019,11,05,801628.7499999998,8016.287499999998,2.0,7500.0,11978.8,2019-11-05 09:15:00+05:30,100.0,11873.55,2019-11-05 13:10:00+05:30,-7893.75,793734.9999999998
2019,11,06,793734.9999999998,7937.349999999998,2.0,7500.0,11950.0,2019-11-06 11:44:00+05:30,100.0,11958.8,2019-11-06 15:20:00+05:30,941.2499999999454,794676.2499999998
2019,11,07,794676.2499999998,7946.762499999998,2.0,7500.0,12021.1,2019-11-07 09:15:00+05:30,100.0,12011.7,2019-11-07 15:20:00+05:30,-626.2500000000273,794049.9999999998
2019,11,13,794049.9999999998,7940.499999999998,2.0,7500.0,11946.25,2019-11-13 09:35:00+05:30,100.0,11844.0,2019-11-13 14:50:00+05:30,-7668.75,786381.2499999998
2019,11,14,786381.2499999998,7863.812499999998,2.0,7500.0,11867.85,2019-11-14 11:01:00+05:30,100.0,11868.3,2019-11-14 15:20:00+05:30,262.5,786643.7499999998
2019,11,15,786643.7499999998,7866.437499999998,2.0,7500.0,11904.2,2019-11-15 09:15:00+05:30,100.0,11884.1,2019-11-15 15:20:00+05:30,-1432.5000000000273,785211.2499999998
2019,11,18,785211.2499999998,7852.112499999997,2.0,7500.0,11929.1,2019-11-18 09:15:00+05:30,100.0,11882.2,2019-11-18 15:20:00+05:30,-3393.75,781817.4999999998
2019,11,19,781817.4999999998,7818.174999999997,2.0,7500.0,11924.45,2019-11-19 09:15:00+05:30,100.0,11950.6,2019-11-19 15:20:00+05:30,1961.2499999999725,783778.7499999998
2019,11,20,783778.7499999998,7837.787499999998,2.0,7500.0,12004.75,2019-11-20 09:15:00+05:30,100.0,11993.0,2019-11-20 15:20:00+05:30,-656.25,783122.4999999998
2019,11,21,783122.4999999998,7831.224999999998,2.0,7500.0,12025.65,2019-11-21 09:15:00+05:30,100.0,11966.9,2019-11-21 15:20:00+05:30,-4136.249999999973,778986.2499999998
2019,11,25,778986.2499999998,7789.862499999997,2.0,7500.0,11950.8,2019-11-25 09:17:00+05:30,100.0,12076.0,2019-11-25 15:20:00+05:30,9461.25000000011,788447.4999999999
2019,11,26,788447.4999999999,7884.474999999999,2.0,7500.0,12110.2,2019-11-26 09:15:00+05:30,100.0,12006.8,2019-11-26 14:41:00+05:30,-7755.000000000108,780692.4999999998
2019,11,27,780692.4999999998,7806.924999999997,2.0,7500.0,12078.5,2019-11-27 09:15:00+05:30,100.0,12105.55,2019-11-27 15:20:00+05:30,2066.2499999999454,782758.7499999998
2019,11,28,782758.7499999998,7827.587499999998,2.0,7500.0,12143.65,2019-11-28 12:05:00+05:30,100.0,12150.85,2019-11-28 15:20:00+05:30,645.0000000000273,783403.7499999998
2019,12,02,783403.7499999998,7834.037499999998,2.0,7500.0,12137.05,2019-12-02 09:15:00+05:30,100.0,12033.45,2019-12-02 10:40:00+05:30,-7769.99999999989,775633.7499999999
2019,12,05,775633.7499999999,7756.337499999999,2.0,7500.0,12071.25,2019-12-05 09:15:00+05:30,100.0,12010.35,2019-12-05 15:20:00+05:30,-4563.750000000027,771069.9999999999
2019,12,06,771069.9999999999,7710.699999999999,2.0,7500.0,12047.35,2019-12-06 09:15:00+05:30,100.0,11937.95,2019-12-06 13:53:00+05:30,-8204.999999999973,762864.9999999999
2019,12,09,762864.9999999999,7628.649999999999,2.0,7500.0,11949.5,2019-12-09 11:00:00+05:30,100.0,11939.95,2019-12-09 15:20:00+05:30,-607.5000000000273,762257.4999999999
2019,12,11,762257.4999999999,7622.574999999999,2.0,7500.0,11891.1,2019-12-11 09:43:00+05:30,100.0,11918.0,2019-12-11 15:20:00+05:30,2017.4999999999727,764274.9999999999
2019,12,12,764274.9999999999,7642.749999999999,2.0,7500.0,11944.3,2019-12-12 09:15:00+05:30,100.0,11977.15,2019-12-12 15:20:00+05:30,2576.2500000000273,766851.2499999999
2019,12,13,766851.2499999999,7668.512499999999,2.0,7500.0,12031.3,2019-12-13 09:15:00+05:30,100.0,12076.5,2019-12-13 15:20:00+05:30,3652.5000000000546,770503.7499999999
2019,12,16,770503.7499999999,7705.0374999999985,2.0,7500.0,12131.35,2019-12-16 09:15:00+05:30,100.0,12050.3,2019-12-16 15:20:00+05:30,-6003.750000000082,764499.9999999998
2019,12,17,764499.9999999998,7644.999999999998,2.0,7500.0,12093.6,2019-12-17 09:15:00+05:30,100.0,12166.85,2019-12-17 15:20:00+05:30,5531.25,770031.2499999998
2019,12,18,770031.2499999998,7700.312499999998,2.0,7500.0,12205.85,2019-12-18 12:35:00+05:30,100.0,12218.25,2019-12-18 15:20:00+05:30,975.0,771006.2499999998
2019,12,19,771006.2499999998,7710.062499999998,2.0,7500.0,12259.05,2019-12-19 12:34:00+05:30,100.0,12261.75,2019-12-19 15:20:00+05:30,450.0,771456.2499999998
2019,12,20,771456.2499999998,7714.562499999998,2.0,7500.0,12293.25,2019-12-20 09:21:00+05:30,100.0,12274.05,2019-12-20 15:20:00+05:30,-1391.2499999999454,770064.9999999998
2019,12,27,770064.9999999998,7700.649999999998,2.0,7500.0,12172.9,2019-12-27 09:15:00+05:30,100.0,12252.3,2019-12-27 15:20:00+05:30,6011.249999999973,776076.2499999998
2019,12,30,776076.2499999998,7760.762499999998,2.0,7500.0,12284.9,2019-12-30 09:30:00+05:30,100.0,12249.85,2019-12-30 15:20:00+05:30,-2456.25,773619.9999999998
2020,01,01,773619.9999999998,7736.199999999998,2.0,7500.0,12215.9,2020-01-01 09:15:00+05:30,100.0,12179.2,2020-01-01 15:20:00+05:30,-2576.2500000000273,771043.7499999998
2020,01,02,771043.7499999998,7710.437499999998,2.0,7500.0,12220.55,2020-01-02 09:20:00+05:30,100.0,12285.15,2020-01-02 15:20:00+05:30,4968.75,776012.4999999998
2020,01,07,776012.4999999998,7760.124999999998,2.0,7500.0,12079.1,2020-01-07 09:15:00+05:30,100.0,12061.3,2020-01-07 15:20:00+05:30,-1143.75,774868.7499999998
2020,01,09,774868.7499999998,7748.687499999998,2.0,7500.0,12153.15,2020-01-09 09:15:00+05:30,100.0,12213.05,2020-01-09 15:20:00+05:30,4713.750000000027,779582.4999999998
2020,01,10,779582.4999999998,7795.824999999998,2.0,7500.0,12271.0,2020-01-10 09:15:00+05:30,100.0,12254.85,2020-01-10 15:20:00+05:30,-1113.7500000000273,778468.7499999998
2020,01,13,778468.7499999998,7784.687499999998,2.0,7500.0,12296.7,2020-01-13 09:15:00+05:30,100.0,12329.15,2020-01-13 15:20:00+05:30,2471.249999999918,780939.9999999997
2020,01,16,780939.9999999997,7809.399999999997,2.0,7500.0,12372.7,2020-01-16 09:19:00+05:30,100.0,12352.15,2020-01-16 15:20:00+05:30,-1346.2500000000546,779593.7499999997
2020,01,17,779593.7499999997,7795.937499999996,2.0,7500.0,12385.25,2020-01-17 10:43:00+05:30,100.0,12349.35,2020-01-17 15:20:00+05:30,-2501.2500000000273,777092.4999999997
2020,01,20,777092.4999999997,7770.9249999999965,2.0,7500.0,12430.5,2020-01-20 09:15:00+05:30,100.0,12325.5,2020-01-20 09:50:00+05:30,-7875.0,769217.4999999997
2020,01,22,769217.4999999997,7692.1749999999965,2.0,7500.0,12218.35,2020-01-22 09:15:00+05:30,100.0,12112.5,2020-01-22 14:04:00+05:30,-7938.750000000026,761278.7499999997
2020,01,23,761278.7499999997,7612.787499999997,2.0,7500.0,12140.7,2020-01-23 09:23:00+05:30,100.0,12176.75,2020-01-23 15:20:00+05:30,2737.5,764016.2499999997
2020,01,24,764016.2499999997,7640.162499999997,2.0,7500.0,12216.2,2020-01-24 09:42:00+05:30,100.0,12247.45,2020-01-24 15:20:00+05:30,2377.499999999918,766393.7499999995
2020,01,28,766393.7499999995,7663.937499999995,2.0,7500.0,12148.1,2020-01-28 09:15:00+05:30,100.0,12045.6,2020-01-28 14:42:00+05:30,-7687.499999999999,758706.2499999995
2020,01,29,758706.2499999995,7587.062499999995,2.0,7500.0,12114.9,2020-01-29 09:15:00+05:30,100.0,12130.5,2020-01-29 15:20:00+05:30,1402.5000000000546,760108.7499999995
2020,01,31,760108.7499999995,7601.087499999995,2.0,7500.0,12100.4,2020-01-31 09:15:00+05:30,100.0,11996.55,2020-01-31 11:08:00+05:30,-7788.750000000026,752319.9999999995
2020,02,01,752319.9999999995,7523.199999999995,2.0,7500.0,12008.1,2020-02-01 10:55:00+05:30,100.0,11883.65,2020-02-01 12:53:00+05:30,-9333.750000000055,742986.2499999995
2020,02,03,742986.2499999995,7429.862499999996,1.0,3750.0,11683.05,2020-02-03 09:15:00+05:30,100.0,11702.55,2020-02-03 15:20:00+05:30,742.5000000000409,743728.7499999995
2020,02,04,743728.7499999995,7437.287499999996,1.0,3750.0,11786.25,2020-02-04 09:15:00+05:30,100.0,11975.25,2020-02-04 15:20:00+05:30,7108.124999999973,750836.8749999995
2020,02,05,750836.8749999995,7508.368749999995,2.0,7500.0,12018.6,2020-02-05 09:31:00+05:30,100.0,12084.0,2020-02-05 15:20:00+05:30,5103.749999999945,755940.6249999995
2020,02,06,755940.6249999995,7559.406249999995,2.0,7500.0,12144.45,2020-02-06 09:15:00+05:30,100.0,12135.4,2020-02-06 15:20:00+05:30,-371.25000000005457,755569.3749999995
2020,02,11,755569.3749999995,7555.693749999996,2.0,7500.0,12108.4,2020-02-11 09:15:00+05:30,100.0,12105.15,2020-02-11 15:20:00+05:30,-191.24999999994543,755378.1249999995
2020,02,12,755378.1249999995,7553.781249999995,2.0,7500.0,12151.0,2020-02-12 09:15:00+05:30,100.0,12198.9,2020-02-12 15:20:00+05:30,3615.0000000000546,758993.1249999995
2020,02,14,758993.1249999995,7589.931249999995,2.0,7500.0,12220.3,2020-02-14 09:15:00+05:30,100.0,12098.95,2020-02-14 10:55:00+05:30,-9101.24999999989,749891.8749999997
2020,02,17,749891.8749999997,7498.918749999997,1.0,3750.0,12152.3,2020-02-17 09:16:00+05:30,100.0,12051.55,2020-02-17 13:05:00+05:30,-3778.1250000000005,746113.7499999997
2020,02,19,746113.7499999997,7461.137499999997,1.0,3750.0,12090.6,2020-02-19 09:15:00+05:30,100.0,12124.9,2020-02-19 15:20:00+05:30,1335.0000000000136,747448.7499999997
2020,02,25,747448.7499999997,7474.4874999999965,1.0,3750.0,11877.5,2020-02-25 09:15:00+05:30,100.0,11797.55,2020-02-25 15:20:00+05:30,-2992.4999999999727,744456.2499999997
2020,03,02,744456.2499999997,7444.562499999996,1.0,3750.0,11387.35,2020-03-02 09:15:00+05:30,100.0,11279.85,2020-03-02 14:45:00+05:30,-4031.25,740424.9999999997
2020,03,03,740424.9999999997,7404.249999999996,1.0,3750.0,11217.55,2020-03-03 09:15:00+05:30,100.0,11316.15,2020-03-03 15:20:00+05:30,4066.8750000000277,744491.8749999997
2020,03,05,744491.8749999997,7444.918749999997,1.0,3750.0,11306.05,2020-03-05 09:15:00+05:30,100.0,11262.25,2020-03-05 15:20:00+05:30,-1576.8749999999727,742914.9999999997
2020,03,11,742914.9999999997,7429.149999999997,1.0,3750.0,10495.05,2020-03-11 09:22:00+05:30,100.0,10383.35,2020-03-11 10:20:00+05:30,-4188.749999999959,738726.2499999997
2020,03,11,738726.2499999997,7387.262499999997,1.0,3750.0,10485.15,2020-03-11 11:56:00+05:30,100.0,10448.6,2020-03-11 15:20:00+05:30,-1368.75,737357.4999999997
2020,03,13,737357.4999999997,7373.574999999997,1.0,3750.0,9694.1,2020-03-13 10:48:00+05:30,100.0,9568.45,2020-03-13 10:55:00+05:30,-4711.874999999986,732645.6249999997
2020,03,13,732645.6249999997,7326.4562499999965,1.0,3750.0,9658.9,2020-03-13 11:10:00+05:30,100.0,9541.05,2020-03-13 11:12:00+05:30,-4419.375000000014,728226.2499999997
2020,03,13,728226.2499999997,7282.262499999997,1.0,3750.0,9667.65,2020-03-13 12:07:00+05:30,100.0,9944.3,2020-03-13 15:20:00+05:30,11049.374999999985,739275.6249999997
2020,03,17,739275.6249999997,7392.756249999997,1.0,3750.0,9285.4,2020-03-17 09:15:00+05:30,100.0,9092.9,2020-03-17 09:16:00+05:30,-7218.75,732056.8749999997
2020,03,17,732056.8749999997,7320.568749999997,1.0,3750.0,9256.1,2020-03-17 09:33:00+05:30,100.0,9146.65,2020-03-17 14:27:00+05:30,-4104.375000000027,727952.4999999997
2020,03,17,727952.4999999997,7279.524999999997,1.0,3750.0,9232.2,2020-03-17 14:34:00+05:30,100.0,9118.05,2020-03-17 14:55:00+05:30,-4280.625000000055,723671.8749999997
2020,03,18,723671.8749999997,7236.718749999996,1.0,3750.0,9088.45,2020-03-18 09:15:00+05:30,100.0,8983.05,2020-03-18 09:21:00+05:30,-3952.500000000054,719719.3749999997
2020,03,18,719719.3749999997,7197.193749999997,1.0,3750.0,9022.9,2020-03-18 09:22:00+05:30,100.0,8916.5,2020-03-18 09:46:00+05:30,-3989.999999999986,715729.3749999997
2020,03,19,715729.3749999997,7157.293749999997,1.0,3750.0,8560.7,2020-03-19 14:12:00+05:30,100.0,8414.0,2020-03-19 14:28:00+05:30,-5501.250000000027,710228.1249999997
2020,03,20,710228.1249999997,7102.281249999996,1.0,3750.0,8307.4,2020-03-20 09:15:00+05:30,100.0,8201.7,2020-03-20 09:34:00+05:30,-3963.749999999959,706264.3749999997
2020,03,20,706264.3749999997,7062.6437499999965,1.0,3750.0,8293.65,2020-03-20 09:41:00+05:30,100.0,8755.05,2020-03-20 15:20:00+05:30,18748.12500000003,725012.4999999997
