Year,Month,Day,Entry,Entry Time,Risk,Exit,Exit Time,PnL,R2R
2017,01,03,8203.25,2017-01-03 11:05:00+05:30,100.0,8189.15,2017-01-03 15:20:00+05:30,-11.600000000000364,-0.11600000000000364
2017,01,04,8211.2,2017-01-04 09:16:00+05:30,100.0,8190.45,2017-01-04 15:20:00+05:30,-17.25,-0.1725
2017,01,05,8226.65,2017-01-05 09:15:00+05:30,100.0,8268.75,2017-01-05 15:20:00+05:30,43.5,0.435
2017,01,06,8292.3,2017-01-06 09:15:00+05:30,100.0,8246.35,2017-01-06 15:20:00+05:30,-43.899999999999636,-0.43899999999999634
2017,01,10,8262.7,2017-01-10 09:15:00+05:30,100.0,8291.1,2017-01-10 15:20:00+05:30,29.299999999999272,0.2929999999999927
2017,01,11,8329.85,2017-01-11 09:15:00+05:30,100.0,8377.55,2017-01-11 15:20:00+05:30,49.69999999999891,0.49699999999998906
2017,01,12,8395.8,2017-01-12 09:18:00+05:30,100.0,8407.45,2017-01-12 15:20:00+05:30,13.25,0.1325
2017,01,13,8457.65,2017-01-13 09:15:00+05:30,100.0,8397.15,2017-01-13 15:20:00+05:30,-58.350000000000364,-0.5835000000000037
2017,01,16,8419.35,2017-01-16 13:25:00+05:30,100.0,8411.9,2017-01-16 15:20:00+05:30,-6.950000000000728,-0.06950000000000728
2017,01,17,8439.95,2017-01-17 09:23:00+05:30,100.0,8396.05,2017-01-17 15:20:00+05:30,-41.05000000000109,-0.4105000000000109
2017,01,18,8421.45,2017-01-18 09:15:00+05:30,100.0,8416.85,2017-01-18 15:20:00+05:30,-4.350000000000364,-0.04350000000000364
2017,01,19,8435.85,2017-01-19 11:21:00+05:30,100.0,8433.1,2017-01-19 15:20:00+05:30,-0.75,-0.0075
2017,01,23,8368.4,2017-01-23 09:34:00+05:30,100.0,8395.25,2017-01-23 15:20:00+05:30,26.850000000000364,0.2685000000000036
2017,01,24,8419.5,2017-01-24 09:20:00+05:30,100.0,8476.95,2017-01-24 15:20:00+05:30,59.399999999999636,0.5939999999999963
2017,01,25,8499.45,2017-01-25 09:15:00+05:30,100.0,8609.15,2017-01-25 15:20:00+05:30,110.59999999999854,1.1059999999999854
2017,01,27,8625.4,2017-01-27 09:15:00+05:30,100.0,8636.05,2017-01-27 15:20:00+05:30,11.050000000001091,0.11050000000001091
2017,02,01,8580.25,2017-02-01 09:20:00+05:30,100.0,8711.85,2017-02-01 15:20:00+05:30,133.35000000000036,1.3335000000000037
2017,02,02,8742.15,2017-02-02 14:00:00+05:30,100.0,8725.5,2017-02-02 15:20:00+05:30,-16.5,-0.165
2017,02,03,8745.45,2017-02-03 09:55:00+05:30,100.0,8740.7,2017-02-03 15:20:00+05:30,-3.850000000000364,-0.038500000000003635
2017,02,06,8785.45,2017-02-06 09:15:00+05:30,100.0,8798.2,2017-02-06 15:20:00+05:30,15.649999999999636,0.15649999999999636
2017,02,09,8816.25,2017-02-09 09:15:00+05:30,100.0,8778.8,2017-02-09 15:20:00+05:30,-37.399999999999636,-0.37399999999999634
2017,02,10,8812.35,2017-02-10 09:15:00+05:30,100.0,8791.75,2017-02-10 15:20:00+05:30,-20.05000000000109,-0.20050000000001092
2017,02,13,8818.85,2017-02-13 09:15:00+05:30,100.0,8807.6,2017-02-13 15:20:00+05:30,-7.649999999999636,-0.07649999999999636
2017,02,15,8806.3,2017-02-15 09:15:00+05:30,100.0,8720.4,2017-02-15 15:20:00+05:30,-82.29999999999927,-0.8229999999999927
2017,02,16,8751.4,2017-02-16 09:15:00+05:30,100.0,8773.8,2017-02-16 15:20:00+05:30,22.55000000000109,0.22550000000001091
2017,02,17,8883.7,2017-02-17 09:15:00+05:30,100.0,8819.05,2017-02-17 15:20:00+05:30,-63.400000000001455,-0.6340000000000146
2017,02,20,8839.0,2017-02-20 10:34:00+05:30,100.0,8867.15,2017-02-20 15:20:00+05:30,32.0,0.32
2017,02,22,8931.45,2017-02-22 09:15:00+05:30,100.0,8926.6,2017-02-22 15:20:00+05:30,-2.600000000000364,-0.026000000000003638
2017,02,23,8952.55,2017-02-23 09:15:00+05:30,100.0,8936.15,2017-02-23 15:20:00+05:30,-15.199999999998909,-0.1519999999999891
2017,03,01,8904.4,2017-03-01 09:15:00+05:30,100.0,8942.4,2017-03-01 15:20:00+05:30,38.0,0.38
2017,03,02,8982.85,2017-03-02 09:15:00+05:30,100.0,8882.25,2017-03-02 15:15:00+05:30,-100.60000000000036,-1.0060000000000036
2017,03,06,8927.85,2017-03-06 09:15:00+05:30,100.0,8963.9,2017-03-06 15:20:00+05:30,36.5,0.365
2017,03,10,8953.7,2017-03-10 09:15:00+05:30,100.0,8932.75,2017-03-10 15:20:00+05:30,-20.950000000000728,-0.20950000000000726
2017,03,14,9091.65,2017-03-14 09:15:00+05:30,100.0,9084.05,2017-03-14 15:20:00+05:30,-3.0499999999992724,-0.030499999999992724
2017,03,15,9097.3,2017-03-15 09:53:00+05:30,100.0,9083.2,2017-03-15 15:20:00+05:30,-10.25,-0.1025
2017,03,16,9129.65,2017-03-16 09:15:00+05:30,100.0,9153.6,2017-03-16 15:20:00+05:30,25.80000000000109,0.2580000000000109
2017,03,17,9207.8,2017-03-17 09:15:00+05:30,100.0,9154.45,2017-03-17 15:20:00+05:30,-53.149999999999636,-0.5314999999999963
2017,03,23,9074.0,2017-03-23 09:15:00+05:30,100.0,9083.65,2017-03-23 15:20:00+05:30,10.75,0.1075
2017,03,24,9111.9,2017-03-24 09:31:00+05:30,100.0,9101.5,2017-03-24 15:20:00+05:30,-7.899999999999636,-0.07899999999999636
2017,03,28,9081.5,2017-03-28 09:15:00+05:30,100.0,9102.35,2017-03-28 15:20:00+05:30,20.850000000000364,0.20850000000000363
2017,03,29,9133.7,2017-03-29 09:15:00+05:30,100.0,9148.05,2017-03-29 15:20:00+05:30,15.149999999999636,0.15149999999999636
2017,03,30,9169.5,2017-03-30 09:45:00+05:30,100.0,9175.2,2017-03-30 15:20:00+05:30,6.899999999999636,0.06899999999999636
2017,03,31,9182.15,2017-03-31 14:08:00+05:30,100.0,9171.1,2017-03-31 15:20:00+05:30,-7.949999999998909,-0.07949999999998908
2017,04,03,9220.6,2017-04-03 09:15:00+05:30,100.0,9237.9,2017-04-03 15:20:00+05:30,19.100000000000364,0.19100000000000364
2017,04,05,9266.45,2017-04-05 14:35:00+05:30,100.0,9259.8,2017-04-05 15:20:00+05:30,-4.850000000000364,-0.04850000000000364
2017,04,10,9225.6,2017-04-10 09:15:00+05:30,100.0,9179.7,2017-04-10 15:20:00+05:30,-43.600000000000364,-0.43600000000000366
2017,04,11,9200.1,2017-04-11 09:48:00+05:30,100.0,9236.35,2017-04-11 15:20:00+05:30,36.5,0.365
2017,04,18,9163.0,2017-04-18 09:15:00+05:30,100.0,9101.9,2017-04-18 15:20:00+05:30,-56.45000000000073,-0.5645000000000073
2017,04,20,9137.0,2017-04-20 11:48:00+05:30,100.0,9137.9,2017-04-20 15:20:00+05:30,1.5,0.015
2017,04,21,9179.1,2017-04-21 09:15:00+05:30,100.0,9121.0,2017-04-21 15:20:00+05:30,-56.20000000000073,-0.5620000000000073
2017,04,24,9146.3,2017-04-24 09:18:00+05:30,100.0,9214.2,2017-04-24 15:20:00+05:30,69.80000000000109,0.698000000000011
2017,04,25,9273.05,2017-04-25 09:15:00+05:30,100.0,9304.3,2017-04-25 15:20:00+05:30,34.20000000000073,0.3420000000000073
2017,04,26,9336.2,2017-04-26 09:15:00+05:30,100.0,9352.85,2017-04-26 15:20:00+05:30,19.599999999998545,0.19599999999998544
2017,05,02,9339.85,2017-05-02 09:15:00+05:30,100.0,9313.95,2017-05-02 15:20:00+05:30,-25.05000000000109,-0.25050000000001094
2017,05,03,9344.7,2017-05-03 09:15:00+05:30,100.0,9310.15,2017-05-03 15:20:00+05:30,-33.0,-0.33
2017,05,04,9360.95,2017-05-04 09:15:00+05:30,100.0,9359.55,2017-05-04 15:20:00+05:30,1.5499999999992724,0.015499999999992724
2017,05,08,9311.45,2017-05-08 09:15:00+05:30,100.0,9312.05,2017-05-08 15:20:00+05:30,1.7999999999992724,0.017999999999992723
2017,05,09,9337.35,2017-05-09 09:15:00+05:30,100.0,9316.2,2017-05-09 15:20:00+05:30,-19.0,-0.19
2017,05,10,9347.95,2017-05-10 09:15:00+05:30,100.0,9409.4,2017-05-10 15:20:00+05:30,63.5,0.635
2017,05,11,9448.6,2017-05-11 09:15:00+05:30,100.0,9421.05,2017-05-11 15:20:00+05:30,-24.80000000000109,-0.2480000000000109
2017,05,12,9436.65,2017-05-12 09:15:00+05:30,100.0,9399.4,2017-05-12 15:20:00+05:30,-33.44999999999891,-0.3344999999999891
2017,05,15,9433.55,2017-05-15 09:15:00+05:30,100.0,9441.9,2017-05-15 15:20:00+05:30,13.200000000000728,0.13200000000000728
2017,05,16,9470.8,2017-05-16 09:24:00+05:30,100.0,9510.9,2017-05-16 15:20:00+05:30,40.55000000000109,0.4055000000000109
2017,05,19,9469.9,2017-05-19 09:15:00+05:30,100.0,9426.0,2017-05-19 15:20:00+05:30,-43.350000000000364,-0.43350000000000366
2017,05,22,9480.25,2017-05-22 09:15:00+05:30,100.0,9439.65,2017-05-22 15:20:00+05:30,-40.600000000000364,-0.40600000000000364
2017,05,24,9410.9,2017-05-24 09:15:00+05:30,100.0,9360.2,2017-05-24 15:20:00+05:30,-49.25,-0.4925
2017,05,25,9394.1,2017-05-25 09:16:00+05:30,100.0,9506.0,2017-05-25 15:20:00+05:30,113.75,1.1375
2017,05,26,9527.6,2017-05-26 09:24:00+05:30,100.0,9589.7,2017-05-26 15:20:00+05:30,65.39999999999964,0.6539999999999964
2017,05,29,9611.5,2017-05-29 09:27:00+05:30,100.0,9603.05,2017-05-29 15:20:00+05:30,-4.149999999999636,-0.04149999999999636
2017,05,30,9623.25,2017-05-30 09:55:00+05:30,100.0,9620.25,2017-05-30 15:20:00+05:30,0.049999999999272404,0.000499999999992724
2017,06,02,9657.15,2017-06-02 09:15:00+05:30,100.0,9654.6,2017-06-02 15:20:00+05:30,-2.4499999999989086,-0.024499999999989086
2017,06,05,9667.35,2017-06-05 10:00:00+05:30,100.0,9675.4,2017-06-05 15:20:00+05:30,9.75,0.0975
2017,06,06,9704.25,2017-06-06 09:15:00+05:30,100.0,9637.35,2017-06-06 15:20:00+05:30,-66.35000000000036,-0.6635000000000036
2017,06,07,9663.95,2017-06-07 09:15:00+05:30,100.0,9664.1,2017-06-07 15:20:00+05:30,2.399999999999636,0.02399999999999636
2017,06,08,9688.25,2017-06-08 09:15:00+05:30,100.0,9647.15,2017-06-08 15:20:00+05:30,-40.350000000000364,-0.40350000000000363
2017,06,13,9646.6,2017-06-13 09:30:00+05:30,100.0,9606.6,2017-06-13 15:20:00+05:30,-38.649999999999636,-0.38649999999999635
2017,06,14,9621.55,2017-06-14 09:15:00+05:30,100.0,9616.3,2017-06-14 15:20:00+05:30,-4.599999999998545,-0.04599999999998545
2017,06,16,9602.95,2017-06-16 09:15:00+05:30,100.0,9586.15,2017-06-16 15:20:00+05:30,-15.700000000000728,-0.15700000000000727
2017,06,19,9626.4,2017-06-19 09:15:00+05:30,100.0,9655.95,2017-06-19 15:20:00+05:30,30.55000000000109,0.30550000000001093
2017,06,22,9665.0,2017-06-22 09:15:00+05:30,100.0,9629.5,2017-06-22 15:20:00+05:30,-33.29999999999927,-0.33299999999999275
2017,06,27,9602.35,2017-06-27 09:15:00+05:30,100.0,9502.05,2017-06-27 13:30:00+05:30,-100.30000000000109,-1.003000000000011
2017,06,29,9522.95,2017-06-29 09:15:00+05:30,100.0,9501.85,2017-06-29 15:20:00+05:30,-21.100000000000364,-0.21100000000000363
2017,07,03,9587.95,2017-07-03 09:15:00+05:30,100.0,9611.35,2017-07-03 15:20:00+05:30,25.649999999999636,0.25649999999999634
2017,07,04,9645.9,2017-07-04 09:15:00+05:30,100.0,9606.35,2017-07-04 15:20:00+05:30,-39.44999999999891,-0.3944999999999891
2017,07,05,9635.35,2017-07-05 11:06:00+05:30,100.0,9641.0,2017-07-05 15:20:00+05:30,6.799999999999272,0.06799999999999272
2017,07,06,9666.0,2017-07-06 09:49:00+05:30,100.0,9670.15,2017-07-06 15:20:00+05:30,4.149999999999636,0.04149999999999636
2017,07,10,9698.25,2017-07-10 09:15:00+05:30,100.0,9767.45,2017-07-10 15:20:00+05:30,71.0,0.71
2017,07,11,9797.45,2017-07-11 09:15:00+05:30,100.0,9784.95,2017-07-11 15:20:00+05:30,-10.650000000001455,-0.10650000000001456
2017,07,12,9811.3,2017-07-12 09:15:00+05:30,100.0,9818.2,2017-07-12 15:20:00+05:30,8.950000000000728,0.08950000000000728
2017,07,13,9855.8,2017-07-13 09:15:00+05:30,100.0,9889.65,2017-07-13 15:20:00+05:30,35.350000000000364,0.35350000000000364
2017,07,14,9913.3,2017-07-14 09:15:00+05:30,100.0,9886.25,2017-07-14 15:20:00+05:30,-25.549999999999272,-0.25549999999999273
2017,07,17,9911.6,2017-07-17 09:19:00+05:30,100.0,9916.55,2017-07-17 15:20:00+05:30,6.949999999998909,0.06949999999998908
2017,07,19,9855.95,2017-07-19 09:15:00+05:30,100.0,9899.25,2017-07-19 15:20:00+05:30,45.149999999999636,0.45149999999999635
2017,07,21,9899.6,2017-07-21 09:15:00+05:30,100.0,9919.25,2017-07-21 15:20:00+05:30,20.399999999999636,0.20399999999999635
2017,07,24,9939.75,2017-07-24 09:32:00+05:30,100.0,9968.65,2017-07-24 15:20:00+05:30,29.649999999999636,0.2964999999999964
2017,07,25,10010.55,2017-07-25 09:15:00+05:30,100.0,9959.7,2017-07-25 15:20:00+05:30,-49.849999999998545,-0.49849999999998545
2017,07,26,9989.95,2017-07-26 10:06:00+05:30,100.0,10021.85,2017-07-26 15:20:00+05:30,32.94999999999891,0.3294999999999891
2017,07,27,10063.25,2017-07-27 09:15:00+05:30,100.0,10017.4,2017-07-27 15:20:00+05:30,-44.399999999999636,-0.44399999999999634
2017,07,31,10034.7,2017-07-31 09:15:00+05:30,100.0,10078.85,2017-07-31 15:20:00+05:30,45.44999999999891,0.4544999999999891
2017,08,04,10029.8,2017-08-04 13:46:00+05:30,100.0,10068.65,2017-08-04 15:20:00+05:30,41.850000000000364,0.41850000000000365
2017,08,08,10081.75,2017-08-08 09:16:00+05:30,100.0,9977.3,2017-08-08 10:15:00+05:30,-104.45000000000073,-1.0445000000000073
2017,08,14,9755.75,2017-08-14 09:15:00+05:30,100.0,9789.0,2017-08-14 15:20:00+05:30,35.399999999999636,0.3539999999999964
2017,08,16,9825.85,2017-08-16 09:15:00+05:30,100.0,9897.4,2017-08-16 15:20:00+05:30,73.25,0.7325
2017,08,17,9945.55,2017-08-17 09:15:00+05:30,100.0,9903.55,2017-08-17 15:20:00+05:30,-40.899999999999636,-0.40899999999999637
2017,08,21,9864.25,2017-08-21 09:15:00+05:30,100.0,9763.65,2017-08-21 15:05:00+05:30,-100.60000000000036,-1.0060000000000036
2017,08,22,9815.75,2017-08-22 09:15:00+05:30,100.0,9765.35,2017-08-22 15:20:00+05:30,-49.350000000000364,-0.49350000000000366
2017,08,23,9803.05,2017-08-23 09:15:00+05:30,100.0,9849.75,2017-08-23 15:20:00+05:30,47.850000000000364,0.47850000000000364
2017,08,24,9881.2,2017-08-24 09:15:00+05:30,100.0,9855.5,2017-08-24 15:20:00+05:30,-20.55000000000109,-0.20550000000001092
2017,08,28,9907.15,2017-08-28 09:15:00+05:30,100.0,9913.85,2017-08-28 15:20:00+05:30,9.550000000001091,0.09550000000001091
2017,08,30,9859.5,2017-08-30 09:15:00+05:30,100.0,9882.9,2017-08-30 15:20:00+05:30,25.149999999999636,0.25149999999999634
2017,09,01,9940.6,2017-09-01 09:44:00+05:30,100.0,9969.35,2017-09-01 15:20:00+05:30,31.25,0.3125
2017,09,05,9933.25,2017-09-05 09:15:00+05:30,100.0,9953.7,2017-09-05 15:20:00+05:30,20.600000000000364,0.20600000000000362
2017,09,07,9945.85,2017-09-07 09:15:00+05:30,100.0,9929.4,2017-09-07 15:20:00+05:30,-16.450000000000728,-0.16450000000000728
2017,09,08,9958.65,2017-09-08 09:15:00+05:30,100.0,9931.75,2017-09-08 15:20:00+05:30,-26.5,-0.265
2017,09,11,9971.75,2017-09-11 09:15:00+05:30,100.0,10002.4,2017-09-11 15:20:00+05:30,32.149999999999636,0.32149999999999634
2017,09,12,10056.85,2017-09-12 09:15:00+05:30,100.0,10092.3,2017-09-12 15:20:00+05:30,37.0,0.37
2017,09,13,10113.85,2017-09-13 09:52:00+05:30,100.0,10075.85,2017-09-13 15:20:00+05:30,-37.0,-0.37
2017,09,14,10111.35,2017-09-14 09:18:00+05:30,100.0,10085.0,2017-09-14 15:20:00+05:30,-24.450000000000728,-0.24450000000000727
2017,09,18,10133.1,2017-09-18 09:15:00+05:30,100.0,10152.0,2017-09-18 15:20:00+05:30,20.799999999999272,0.20799999999999272
2017,09,27,9920.6,2017-09-27 09:15:00+05:30,100.0,9818.7,2017-09-27 10:32:00+05:30,-101.89999999999964,-1.0189999999999964
2017,09,29,9814.3,2017-09-29 09:15:00+05:30,100.0,9780.75,2017-09-29 15:20:00+05:30,-29.799999999999272,-0.2979999999999927
2017,10,03,9893.3,2017-10-03 09:15:00+05:30,100.0,9858.95,2017-10-03 15:20:00+05:30,-33.399999999999636,-0.33399999999999636
2017,10,04,9884.35,2017-10-04 09:15:00+05:30,100.0,9909.3,2017-10-04 15:20:00+05:30,27.44999999999891,0.2744999999999891
2017,10,06,9925.8,2017-10-06 09:15:00+05:30,100.0,9983.15,2017-10-06 15:20:00+05:30,59.80000000000109,0.598000000000011
2017,10,09,10013.4,2017-10-09 10:01:00+05:30,100.0,9988.35,2017-10-09 15:20:00+05:30,-24.0,-0.24
2017,10,10,10013.7,2017-10-10 09:15:00+05:30,100.0,10011.3,2017-10-10 15:20:00+05:30,-0.2000000000007276,-0.002000000000007276
2017,10,11,10042.6,2017-10-11 09:15:00+05:30,100.0,9977.8,2017-10-11 15:20:00+05:30,-64.45000000000073,-0.6445000000000073
2017,10,12,10011.2,2017-10-12 09:15:00+05:30,100.0,10096.15,2017-10-12 15:20:00+05:30,85.25,0.8525
2017,10,13,10123.7,2017-10-13 09:15:00+05:30,100.0,10165.35,2017-10-13 15:20:00+05:30,43.94999999999891,0.43949999999998907
2017,10,16,10207.4,2017-10-16 09:15:00+05:30,100.0,10229.9,2017-10-16 15:20:00+05:30,23.700000000000728,0.2370000000000073
2017,10,24,10218.55,2017-10-24 09:15:00+05:30,100.0,10207.1,2017-10-24 15:20:00+05:30,-9.799999999999272,-0.09799999999999272
2017,10,25,10321.15,2017-10-25 09:15:00+05:30,100.0,10293.45,2017-10-25 15:20:00+05:30,-23.549999999999272,-0.23549999999999272
2017,10,26,10321.15,2017-10-26 12:59:00+05:30,100.0,10333.4,2017-10-26 15:20:00+05:30,25.25,0.2525
2017,10,27,10362.3,2017-10-27 09:15:00+05:30,100.0,10321.7,2017-10-27 15:20:00+05:30,-38.349999999998545,-0.38349999999998546
2017,10,30,10353.85,2017-10-30 09:15:00+05:30,100.0,10361.05,2017-10-30 15:20:00+05:30,7.649999999999636,0.07649999999999636
2017,11,01,10390.35,2017-11-01 09:15:00+05:30,100.0,10440.05,2017-11-01 15:20:00+05:30,52.5,0.525
2017,11,03,10461.55,2017-11-03 09:15:00+05:30,100.0,10451.8,2017-11-03 15:20:00+05:30,-7.849999999998545,-0.07849999999998544
2017,11,06,10479.85,2017-11-06 13:02:00+05:30,100.0,10438.45,2017-11-06 15:20:00+05:30,-33.899999999999636,-0.33899999999999636
2017,11,07,10477.15,2017-11-07 09:15:00+05:30,100.0,10376.4,2017-11-07 13:38:00+05:30,-100.75,-1.0075
2017,11,08,10378.0,2017-11-08 09:21:00+05:30,100.0,10307.05,2017-11-08 15:20:00+05:30,-70.20000000000073,-0.7020000000000073
2017,11,09,10358.65,2017-11-09 09:15:00+05:30,100.0,10313.35,2017-11-09 15:20:00+05:30,-44.94999999999891,-0.4494999999999891
2017,11,16,10162.9,2017-11-16 09:15:00+05:30,100.0,10217.85,2017-11-16 15:20:00+05:30,55.149999999999636,0.5514999999999963
2017,11,17,10324.55,2017-11-17 09:15:00+05:30,100.0,10281.0,2017-11-17 15:20:00+05:30,-41.649999999999636,-0.4164999999999964
2017,11,20,10303.1,2017-11-20 09:31:00+05:30,100.0,10291.1,2017-11-20 15:20:00+05:30,-10.550000000001091,-0.10550000000001092
2017,11,21,10329.25,2017-11-21 09:15:00+05:30,100.0,10325.9,2017-11-21 15:20:00+05:30,-2.600000000000364,-0.026000000000003638
2017,11,22,10350.8,2017-11-22 09:15:00+05:30,100.0,10340.05,2017-11-22 15:20:00+05:30,-9.049999999999272,-0.09049999999999273
2017,11,23,10372.85,2017-11-23 11:54:00+05:30,100.0,10351.55,2017-11-23 15:20:00+05:30,-20.5,-0.205
2017,11,24,10377.6,2017-11-24 09:17:00+05:30,100.0,10387.3,2017-11-24 15:20:00+05:30,11.600000000000364,0.11600000000000364
2017,11,29,10390.7,2017-11-29 09:18:00+05:30,100.0,10359.2,2017-11-29 15:20:00+05:30,-26.850000000000364,-0.2685000000000036
2017,12,01,10263.7,2017-12-01 09:15:00+05:30,100.0,10159.75,2017-12-01 14:31:00+05:30,-103.95000000000073,-1.0395000000000072
2017,12,04,10175.05,2017-12-04 09:15:00+05:30,100.0,10123.15,2017-12-04 15:20:00+05:30,-49.649999999999636,-0.4964999999999964
2017,12,07,10079.3,2017-12-07 09:15:00+05:30,100.0,10169.6,2017-12-07 15:20:00+05:30,92.05000000000109,0.9205000000000109
2017,12,08,10198.45,2017-12-08 09:15:00+05:30,100.0,10264.05,2017-12-08 15:20:00+05:30,68.59999999999854,0.6859999999999854
2017,12,11,10310.5,2017-12-11 09:15:00+05:30,100.0,10324.5,2017-12-11 15:20:00+05:30,16.549999999999272,0.16549999999999274
2017,12,13,10272.3,2017-12-13 11:05:00+05:30,100.0,10171.95,2017-12-13 14:57:00+05:30,-100.34999999999854,-1.0034999999999854
2017,12,14,10229.3,2017-12-14 09:15:00+05:30,100.0,10258.0,2017-12-14 15:20:00+05:30,32.0,0.32
2017,12,15,10345.65,2017-12-15 09:15:00+05:30,100.0,10334.35,2017-12-15 15:20:00+05:30,-10.0,-0.1
2017,12,18,10353.8,2017-12-18 09:59:00+05:30,100.0,10379.65,2017-12-18 15:20:00+05:30,26.25,0.2625
2017,12,19,10422.35,2017-12-19 09:15:00+05:30,100.0,10465.35,2017-12-19 15:20:00+05:30,44.350000000000364,0.4435000000000036
2017,12,21,10473.95,2017-12-21 09:15:00+05:30,100.0,10437.5,2017-12-21 15:20:00+05:30,-34.70000000000073,-0.3470000000000073
2017,12,22,10457.3,2017-12-22 09:15:00+05:30,100.0,10496.15,2017-12-22 15:20:00+05:30,41.25,0.4125
2017,12,26,10513.05,2017-12-26 09:15:00+05:30,100.0,10536.6,2017-12-26 15:20:00+05:30,25.200000000000728,0.2520000000000073
2017,12,27,10552.25,2017-12-27 14:03:00+05:30,100.0,10482.0,2017-12-27 15:20:00+05:30,-66.0,-0.66
2017,12,28,10510.55,2017-12-28 09:15:00+05:30,100.0,10467.45,2017-12-28 15:20:00+05:30,-41.349999999998545,-0.41349999999998543
2017,12,29,10501.1,2017-12-29 09:15:00+05:30,100.0,10530.55,2017-12-29 15:20:00+05:30,31.69999999999891,0.31699999999998907
2018,01,02,10477.55,2018-01-02 09:15:00+05:30,100.0,10439.2,2018-01-02 15:20:00+05:30,-34.94999999999891,-0.3494999999999891
2018,01,03,10482.65,2018-01-03 09:15:00+05:30,100.0,10444.0,2018-01-03 15:20:00+05:30,-38.100000000000364,-0.3810000000000036
2018,01,04,10475.65,2018-01-04 12:14:00+05:30,100.0,10504.1,2018-01-04 15:20:00+05:30,29.75,0.2975
2018,01,05,10534.25,2018-01-05 09:15:00+05:30,100.0,10558.4,2018-01-05 15:20:00+05:30,24.549999999999272,0.24549999999999272
2018,01,08,10591.7,2018-01-08 09:15:00+05:30,100.0,10619.2,2018-01-08 15:20:00+05:30,28.899999999999636,0.28899999999999637
2018,01,09,10645.1,2018-01-09 09:15:00+05:30,100.0,10635.05,2018-01-09 15:20:00+05:30,-7.800000000001091,-0.07800000000001091
2018,01,10,10655.05,2018-01-10 09:15:00+05:30,100.0,10634.0,2018-01-10 15:20:00+05:30,-19.19999999999891,-0.1919999999999891
2018,01,11,10654.35,2018-01-11 12:31:00+05:30,100.0,10651.35,2018-01-11 15:20:00+05:30,-2.100000000000364,-0.021000000000003637
2018,01,12,10682.55,2018-01-12 09:15:00+05:30,100.0,10678.65,2018-01-12 15:20:00+05:30,-0.5999999999985448,-0.005999999999985448
2018,01,15,10718.5,2018-01-15 09:15:00+05:30,100.0,10735.15,2018-01-15 15:20:00+05:30,18.299999999999272,0.18299999999999272
2018,01,16,10761.5,2018-01-16 09:15:00+05:30,100.0,10700.5,2018-01-16 15:20:00+05:30,-61.0,-0.61
2018,01,17,10738.05,2018-01-17 10:35:00+05:30,100.0,10790.7,2018-01-17 15:20:00+05:30,54.150000000001455,0.5415000000000145
2018,01,18,10873.4,2018-01-18 09:15:00+05:30,100.0,10820.0,2018-01-18 15:20:00+05:30,-50.25,-0.5025
2018,01,19,10851.9,2018-01-19 10:13:00+05:30,100.0,10894.95,2018-01-19 15:20:00+05:30,45.05000000000109,0.4505000000000109
2018,01,22,10928.6,2018-01-22 10:02:00+05:30,100.0,10967.7,2018-01-22 15:20:00+05:30,39.54999999999927,0.39549999999999275
2018,01,23,10997.4,2018-01-23 09:15:00+05:30,100.0,11088.8,2018-01-23 15:20:00+05:30,92.70000000000073,0.9270000000000073
2018,01,29,11102.3,2018-01-29 09:15:00+05:30,100.0,11124.5,2018-01-29 15:20:00+05:30,23.650000000001455,0.23650000000001456
2018,02,01,11076.85,2018-02-01 09:15:00+05:30,100.0,10952.45,2018-02-01 12:40:00+05:30,-124.39999999999964,-1.2439999999999964
2018,02,01,11063.8,2018-02-01 13:11:00+05:30,100.0,11013.9,2018-02-01 15:20:00+05:30,-47.69999999999891,-0.4769999999999891
2018,02,07,10607.2,2018-02-07 09:15:00+05:30,100.0,10506.45,2018-02-07 10:58:00+05:30,-100.75,-1.0075
2018,02,08,10518.5,2018-02-08 09:15:00+05:30,100.0,10577.65,2018-02-08 15:20:00+05:30,60.649999999999636,0.6064999999999964
2018,02,12,10518.2,2018-02-12 09:15:00+05:30,100.0,10531.6,2018-02-12 15:20:00+05:30,14.049999999999272,0.14049999999999271
2018,02,14,10585.75,2018-02-14 09:15:00+05:30,100.0,10488.9,2018-02-14 15:20:00+05:30,-90.54999999999927,-0.9054999999999928
2018,02,15,10537.9,2018-02-15 09:15:00+05:30,100.0,10547.05,2018-02-15 15:20:00+05:30,9.200000000000728,0.09200000000000727
2018,02,16,10596.2,2018-02-16 09:15:00+05:30,100.0,10494.15,2018-02-16 11:48:00+05:30,-102.05000000000109,-1.0205000000000108
2018,02,19,10488.9,2018-02-19 09:15:00+05:30,100.0,10388.05,2018-02-19 10:00:00+05:30,-100.85000000000036,-1.0085000000000037
2018,02,20,10415.55,2018-02-20 09:37:00+05:30,100.0,10361.8,2018-02-20 15:20:00+05:30,-50.44999999999891,-0.5044999999999891
2018,02,21,10426.0,2018-02-21 09:15:00+05:30,100.0,10403.35,2018-02-21 15:20:00+05:30,-21.100000000000364,-0.21100000000000363
2018,02,23,10408.1,2018-02-23 09:15:00+05:30,100.0,10493.95,2018-02-23 15:20:00+05:30,86.39999999999964,0.8639999999999963
2018,02,26,10526.55,2018-02-26 09:15:00+05:30,100.0,10578.9,2018-02-26 15:20:00+05:30,53.75,0.5375
2018,02,27,10615.2,2018-02-27 09:15:00+05:30,100.0,10550.15,2018-02-27 15:20:00+05:30,-59.5,-0.595
2018,03,01,10518.3,2018-03-01 09:16:00+05:30,100.0,10457.05,2018-03-01 15:20:00+05:30,-58.149999999999636,-0.5814999999999964
2018,03,06,10420.5,2018-03-06 09:15:00+05:30,100.0,10317.7,2018-03-06 14:47:00+05:30,-102.79999999999927,-1.0279999999999927
2018,03,08,10216.25,2018-03-08 09:15:00+05:30,100.0,10233.35,2018-03-08 15:20:00+05:30,20.0,0.2
2018,03,09,10271.3,2018-03-09 09:15:00+05:30,100.0,10228.05,2018-03-09 15:20:00+05:30,-42.54999999999927,-0.4254999999999927
2018,03,12,10301.6,2018-03-12 09:15:00+05:30,100.0,10422.2,2018-03-12 15:20:00+05:30,121.19999999999891,1.211999999999989
2018,03,13,10453.05,2018-03-13 10:02:00+05:30,100.0,10419.65,2018-03-13 15:20:00+05:30,-31.75,-0.3175
2018,03,20,10123.35,2018-03-20 10:12:00+05:30,100.0,10129.75,2018-03-20 15:20:00+05:30,7.149999999999636,0.07149999999999636
2018,03,21,10181.95,2018-03-21 09:15:00+05:30,100.0,10154.45,2018-03-21 15:20:00+05:30,-27.150000000001455,-0.27150000000001456
2018,03,22,10184.35,2018-03-22 09:25:00+05:30,100.0,10113.35,2018-03-22 15:20:00+05:30,-68.35000000000036,-0.6835000000000037
2018,03,26,10011.85,2018-03-26 12:41:00+05:30,100.0,10126.75,2018-03-26 15:20:00+05:30,114.89999999999964,1.1489999999999965
2018,03,27,10188.0,2018-03-27 09:15:00+05:30,100.0,10181.35,2018-03-27 15:20:00+05:30,-4.25,-0.0425
2018,04,02,10151.65,2018-04-02 09:15:00+05:30,100.0,10215.25,2018-04-02 15:20:00+05:30,66.0,0.66
2018,04,04,10274.6,2018-04-04 09:15:00+05:30,100.0,10169.85,2018-04-04 13:25:00+05:30,-104.75,-1.0475
2018,04,05,10228.45,2018-04-05 09:15:00+05:30,100.0,10324.25,2018-04-05 15:20:00+05:30,97.39999999999964,0.9739999999999963
2018,04,09,10348.2,2018-04-09 09:15:00+05:30,100.0,10370.3,2018-04-09 15:20:00+05:30,25.599999999998545,0.25599999999998546
2018,04,10,10412.9,2018-04-10 09:15:00+05:30,100.0,10407.8,2018-04-10 15:20:00+05:30,-3.600000000000364,-0.03600000000000364
2018,04,11,10428.15,2018-04-11 09:15:00+05:30,100.0,10417.9,2018-04-11 15:20:00+05:30,-10.100000000000364,-0.10100000000000364
2018,04,12,10444.45,2018-04-12 13:10:00+05:30,100.0,10458.75,2018-04-12 15:20:00+05:30,15.549999999999272,0.15549999999999273
2018,04,13,10495.3,2018-04-13 09:15:00+05:30,100.0,10480.9,2018-04-13 15:20:00+05:30,-12.5,-0.125
2018,04,16,10511.8,2018-04-16 13:44:00+05:30,100.0,10530.3,2018-04-16 15:20:00+05:30,19.55000000000109,0.19550000000001092
2018,04,17,10557.3,2018-04-17 09:15:00+05:30,100.0,10545.35,2018-04-17 15:20:00+05:30,-11.099999999998545,-0.11099999999998544
2018,04,18,10578.9,2018-04-18 09:15:00+05:30,100.0,10533.75,2018-04-18 15:20:00+05:30,-44.04999999999927,-0.44049999999999273
2018,04,19,10563.65,2018-04-19 09:15:00+05:30,100.0,10568.65,2018-04-19 15:20:00+05:30,5.100000000000364,0.05100000000000364
2018,04,23,10606.65,2018-04-23 10:32:00+05:30,100.0,10584.05,2018-04-23 15:20:00+05:30,-20.19999999999891,-0.20199999999998908
2018,04,24,10609.4,2018-04-24 09:23:00+05:30,100.0,10611.05,2018-04-24 15:20:00+05:30,2.9500000000007276,0.029500000000007277
2018,04,26,10591.2,2018-04-26 09:39:00+05:30,100.0,10620.75,2018-04-26 15:20:00+05:30,33.19999999999891,0.3319999999999891
2018,04,27,10651.65,2018-04-27 09:15:00+05:30,100.0,10691.35,2018-04-27 15:20:00+05:30,40.80000000000109,0.4080000000000109
2018,04,30,10737.4,2018-04-30 09:15:00+05:30,100.0,10735.15,2018-04-30 15:20:00+05:30,-0.3500000000003638,-0.003500000000003638
2018,05,02,10783.85,2018-05-02 09:15:00+05:30,100.0,10723.9,2018-05-02 15:20:00+05:30,-57.70000000000073,-0.5770000000000073
2018,05,04,10700.45,2018-05-04 09:15:00+05:30,100.0,10616.15,2018-05-04 15:20:00+05:30,-80.15000000000146,-0.8015000000000145
2018,05,07,10653.15,2018-05-07 09:15:00+05:30,100.0,10714.5,2018-05-07 15:20:00+05:30,62.25,0.6225
2018,05,08,10757.9,2018-05-08 09:15:00+05:30,100.0,10715.5,2018-05-08 15:20:00+05:30,-40.350000000000364,-0.40350000000000363
2018,05,09,10742.0,2018-05-09 13:03:00+05:30,100.0,10740.6,2018-05-09 15:20:00+05:30,0.0,0.0
2018,05,10,10779.65,2018-05-10 09:15:00+05:30,100.0,10712.9,2018-05-10 15:20:00+05:30,-65.0,-0.65
2018,05,11,10741.95,2018-05-11 09:15:00+05:30,100.0,10806.0,2018-05-11 15:20:00+05:30,66.09999999999854,0.6609999999999855
2018,05,14,10826.75,2018-05-14 09:18:00+05:30,100.0,10806.9,2018-05-14 15:20:00+05:30,-18.549999999999272,-0.18549999999999273
2018,05,15,10832.2,2018-05-15 09:22:00+05:30,100.0,10794.9,2018-05-15 15:20:00+05:30,-33.70000000000073,-0.3370000000000073
2018,05,17,10775.6,2018-05-17 09:15:00+05:30,100.0,10672.7,2018-05-17 15:10:00+05:30,-102.89999999999964,-1.0289999999999964
2018,05,22,10547.75,2018-05-22 09:54:00+05:30,100.0,10540.25,2018-05-22 15:20:00+05:30,-6.799999999999272,-0.06799999999999272
2018,05,24,10464.85,2018-05-24 09:15:00+05:30,100.0,10517.4,2018-05-24 15:20:00+05:30,53.79999999999927,0.5379999999999927
2018,05,25,10560.2,2018-05-25 09:26:00+05:30,100.0,10608.7,2018-05-25 15:20:00+05:30,49.19999999999891,0.4919999999999891
2018,05,28,10648.35,2018-05-28 09:15:00+05:30,100.0,10685.85,2018-05-28 15:20:00+05:30,41.100000000000364,0.41100000000000364
2018,05,29,10711.25,2018-05-29 11:27:00+05:30,100.0,10631.35,2018-05-29 15:20:00+05:30,-75.89999999999964,-0.7589999999999963
2018,05,31,10670.1,2018-05-31 09:15:00+05:30,100.0,10738.8,2018-05-31 15:20:00+05:30,69.64999999999964,0.6964999999999963
2018,06,01,10759.3,2018-06-01 09:22:00+05:30,100.0,10687.05,2018-06-01 15:20:00+05:30,-68.89999999999964,-0.6889999999999964
2018,06,04,10765.95,2018-06-04 09:15:00+05:30,100.0,10649.05,2018-06-04 09:45:00+05:30,-116.90000000000146,-1.1690000000000145
2018,06,06,10632.35,2018-06-06 10:07:00+05:30,100.0,10683.75,2018-06-06 15:20:00+05:30,52.649999999999636,0.5264999999999964
2018,06,07,10722.6,2018-06-07 09:15:00+05:30,100.0,10766.95,2018-06-07 15:20:00+05:30,46.79999999999927,0.4679999999999927
2018,06,11,10793.0,2018-06-11 09:15:00+05:30,100.0,10778.9,2018-06-11 15:20:00+05:30,-10.399999999999636,-0.10399999999999636
2018,06,12,10816.15,2018-06-12 09:15:00+05:30,100.0,10842.3,2018-06-12 15:20:00+05:30,28.200000000000728,0.2820000000000073
2018,06,13,10887.5,2018-06-13 09:15:00+05:30,100.0,10854.4,2018-06-13 15:20:00+05:30,-31.0,-0.31
2018,06,20,10752.7,2018-06-20 09:15:00+05:30,100.0,10769.2,2018-06-20 15:20:00+05:30,18.0,0.18
2018,06,21,10808.45,2018-06-21 09:15:00+05:30,100.0,10739.9,2018-06-21 15:20:00+05:30,-64.25,-0.6425
2018,06,22,10769.95,2018-06-22 13:30:00+05:30,100.0,10823.5,2018-06-22 15:20:00+05:30,56.04999999999927,0.5604999999999927
2018,06,26,10786.0,2018-06-26 10:55:00+05:30,100.0,10758.75,2018-06-26 15:20:00+05:30,-24.399999999999636,-0.24399999999999636
2018,06,29,10630.1,2018-06-29 09:15:00+05:30,100.0,10713.3,2018-06-29 15:20:00+05:30,85.0,0.85
2018,07,03,10678.45,2018-07-03 09:47:00+05:30,100.0,10698.25,2018-07-03 15:20:00+05:30,20.599999999998545,0.20599999999998544
2018,07,04,10734.7,2018-07-04 13:22:00+05:30,100.0,10768.65,2018-07-04 15:20:00+05:30,35.399999999999636,0.3539999999999964
2018,07,06,10781.65,2018-07-06 09:42:00+05:30,100.0,10764.55,2018-07-06 15:20:00+05:30,-15.699999999998909,-0.1569999999999891
2018,07,09,10838.3,2018-07-09 09:15:00+05:30,100.0,10853.4,2018-07-09 15:20:00+05:30,17.200000000000728,0.17200000000000729
2018,07,10,10902.75,2018-07-10 09:15:00+05:30,100.0,10952.95,2018-07-10 15:20:00+05:30,50.20000000000073,0.5020000000000073
2018,07,11,10975.05,2018-07-11 10:28:00+05:30,100.0,10949.1,2018-07-11 15:20:00+05:30,-24.349999999998545,-0.24349999999998545
2018,07,12,11006.95,2018-07-12 09:15:00+05:30,100.0,11016.4,2018-07-12 15:20:00+05:30,12.699999999998909,0.1269999999999891
2018,07,13,11056.9,2018-07-13 09:15:00+05:30,100.0,11017.9,2018-07-13 15:20:00+05:30,-35.94999999999891,-0.3594999999999891
2018,07,17,10969.45,2018-07-17 09:22:00+05:30,100.0,11010.45,2018-07-17 15:20:00+05:30,41.5,0.415
2018,07,18,11060.2,2018-07-18 09:15:00+05:30,100.0,10956.85,2018-07-18 12:21:00+05:30,-103.35000000000036,-1.0335000000000036
2018,07,20,10994.7,2018-07-20 09:54:00+05:30,100.0,11007.3,2018-07-20 15:20:00+05:30,12.599999999998545,0.12599999999998546
2018,07,23,11044.4,2018-07-23 09:18:00+05:30,100.0,11084.95,2018-07-23 15:20:00+05:30,41.55000000000109,0.4155000000000109
2018,07,24,11109.0,2018-07-24 09:15:00+05:30,100.0,11135.05,2018-07-24 15:20:00+05:30,28.700000000000728,0.28700000000000725
2018,07,26,11156.75,2018-07-26 09:15:00+05:30,100.0,11168.75,2018-07-26 15:20:00+05:30,13.75,0.1375
2018,07,27,11232.75,2018-07-27 09:15:00+05:30,100.0,11275.9,2018-07-27 15:20:00+05:30,44.100000000000364,0.4410000000000036
2018,07,30,11302.4,2018-07-30 09:15:00+05:30,100.0,11315.3,2018-07-30 15:20:00+05:30,15.700000000000728,0.15700000000000727
2018,08,01,11386.7,2018-08-01 09:24:00+05:30,100.0,11335.15,2018-08-01 15:20:00+05:30,-47.5,-0.475
2018,08,03,11297.8,2018-08-03 09:15:00+05:30,100.0,11357.9,2018-08-03 15:20:00+05:30,60.100000000000364,0.6010000000000036
2018,08,06,11401.5,2018-08-06 09:15:00+05:30,100.0,11388.2,2018-08-06 15:20:00+05:30,-12.049999999999272,-0.12049999999999272
2018,08,07,11423.15,2018-08-07 09:15:00+05:30,100.0,11386.3,2018-08-07 15:20:00+05:30,-36.149999999999636,-0.3614999999999964
2018,08,08,11422.65,2018-08-08 09:15:00+05:30,100.0,11449.1,2018-08-08 15:20:00+05:30,26.450000000000728,0.2645000000000073
2018,08,09,11493.25,2018-08-09 09:15:00+05:30,100.0,11469.5,2018-08-09 15:20:00+05:30,-21.5,-0.215
2018,08,14,11392.3,2018-08-14 09:16:00+05:30,100.0,11434.3,2018-08-14 15:20:00+05:30,42.650000000001455,0.42650000000001453
2018,08,17,11437.15,2018-08-17 09:15:00+05:30,100.0,11462.3,2018-08-17 15:20:00+05:30,26.0,0.26
2018,08,20,11502.1,2018-08-20 09:15:00+05:30,100.0,11548.65,2018-08-20 15:20:00+05:30,47.350000000000364,0.47350000000000364
2018,08,23,11620.7,2018-08-23 09:15:00+05:30,100.0,11586.3,2018-08-23 15:20:00+05:30,-31.600000000000364,-0.3160000000000036
2018,08,27,11605.85,2018-08-27 09:15:00+05:30,100.0,11690.9,2018-08-27 15:20:00+05:30,85.64999999999964,0.8564999999999964
2018,08,28,11731.95,2018-08-28 09:15:00+05:30,100.0,11742.6,2018-08-28 15:20:00+05:30,12.349999999998545,0.12349999999998545
2018,08,31,11714.35,2018-08-31 09:30:00+05:30,100.0,11680.65,2018-08-31 15:20:00+05:30,-32.350000000000364,-0.3235000000000036
2018,09,03,11751.8,2018-09-03 09:15:00+05:30,100.0,11651.65,2018-09-03 14:13:00+05:30,-100.14999999999964,-1.0014999999999963
2018,09,04,11601.55,2018-09-04 09:15:00+05:30,100.0,11499.2,2018-09-04 14:32:00+05:30,-102.34999999999854,-1.0234999999999854
2018,09,06,11514.15,2018-09-06 09:15:00+05:30,100.0,11526.65,2018-09-06 15:20:00+05:30,14.350000000000364,0.14350000000000362
2018,09,07,11558.25,2018-09-07 09:15:00+05:30,100.0,11582.5,2018-09-07 15:20:00+05:30,27.950000000000728,0.2795000000000073
2018,09,11,11476.85,2018-09-11 09:15:00+05:30,100.0,11374.65,2018-09-11 13:59:00+05:30,-102.20000000000073,-1.0220000000000073
2018,09,12,11340.1,2018-09-12 09:15:00+05:30,100.0,11373.35,2018-09-12 15:20:00+05:30,34.149999999999636,0.34149999999999636
2018,09,14,11443.5,2018-09-14 09:15:00+05:30,100.0,11514.4,2018-09-14 15:20:00+05:30,74.75,0.7475
2018,09,18,11403.45,2018-09-18 09:20:00+05:30,100.0,11301.7,2018-09-18 14:53:00+05:30,-101.75,-1.0175
2018,09,19,11326.65,2018-09-19 09:15:00+05:30,100.0,11226.25,2018-09-19 14:30:00+05:30,-100.39999999999964,-1.0039999999999965
2018,09,21,11271.3,2018-09-21 09:15:00+05:30,100.0,11155.4,2018-09-21 12:56:00+05:30,-115.89999999999964,-1.1589999999999963
2018,09,25,11002.2,2018-09-25 10:22:00+05:30,100.0,11059.65,2018-09-25 15:20:00+05:30,61.349999999998545,0.6134999999999855
2018,09,26,11145.55,2018-09-26 09:15:00+05:30,100.0,11043.25,2018-09-26 10:35:00+05:30,-102.29999999999927,-1.0229999999999928
2018,09,27,11079.8,2018-09-27 09:15:00+05:30,100.0,10971.5,2018-09-27 13:20:00+05:30,-108.29999999999927,-1.0829999999999926
2018,09,28,11033.45,2018-09-28 09:15:00+05:30,100.0,10927.35,2018-09-28 09:31:00+05:30,-106.10000000000036,-1.0610000000000037
2018,09,28,11016.85,2018-09-28 11:35:00+05:30,100.0,10912.6,2018-09-28 14:00:00+05:30,-104.25,-1.0425
2018,10,01,10962.0,2018-10-01 14:20:00+05:30,100.0,11007.9,2018-10-01 15:20:00+05:30,48.350000000000364,0.48350000000000365
2018,10,08,10310.15,2018-10-08 09:15:00+05:30,100.0,10207.9,2018-10-08 09:31:00+05:30,-102.25,-1.0225
2018,10,08,10301.6,2018-10-08 09:52:00+05:30,100.0,10200.7,2018-10-08 14:28:00+05:30,-100.89999999999964,-1.0089999999999963
2018,10,09,10390.3,2018-10-09 09:15:00+05:30,100.0,10290.25,2018-10-09 12:45:00+05:30,-100.04999999999927,-1.0004999999999926
2018,10,09,10380.3,2018-10-09 14:44:00+05:30,100.0,10279.9,2018-10-09 15:16:00+05:30,-100.39999999999964,-1.0039999999999965
2018,10,10,10331.85,2018-10-10 09:15:00+05:30,100.0,10456.6,2018-10-10 15:20:00+05:30,127.5,1.275
2018,10,12,10331.55,2018-10-12 09:15:00+05:30,100.0,10464.6,2018-10-12 15:20:00+05:30,135.5500000000011,1.3555000000000108
2018,10,15,10524.2,2018-10-15 09:15:00+05:30,100.0,10419.4,2018-10-15 10:56:00+05:30,-104.80000000000109,-1.048000000000011
2018,10,15,10494.1,2018-10-15 13:18:00+05:30,100.0,10513.9,2018-10-15 15:20:00+05:30,22.69999999999891,0.2269999999999891
2018,10,16,10550.15,2018-10-16 09:15:00+05:30,100.0,10586.85,2018-10-16 15:20:00+05:30,41.05000000000109,0.4105000000000109
2018,10,17,10688.7,2018-10-17 09:15:00+05:30,100.0,10582.5,2018-10-17 11:30:00+05:30,-106.20000000000073,-1.0620000000000074
2018,10,17,10603.55,2018-10-17 12:01:00+05:30,100.0,10496.0,2018-10-17 14:31:00+05:30,-107.54999999999927,-1.0754999999999928
2018,10,22,10405.85,2018-10-22 09:15:00+05:30,100.0,10303.3,2018-10-22 09:46:00+05:30,-102.55000000000109,-1.025500000000011
2018,10,22,10344.95,2018-10-22 10:07:00+05:30,100.0,10243.45,2018-10-22 15:06:00+05:30,-101.5,-1.015
2018,10,24,10278.15,2018-10-24 09:15:00+05:30,100.0,10175.95,2018-10-24 10:39:00+05:30,-102.19999999999891,-1.0219999999999891
2018,10,24,10210.5,2018-10-24 12:06:00+05:30,100.0,10229.05,2018-10-24 15:20:00+05:30,20.0,0.2
2018,10,29,10078.1,2018-10-29 09:15:00+05:30,100.0,10254.85,2018-10-29 15:20:00+05:30,177.79999999999927,1.7779999999999927
2018,10,30,10281.0,2018-10-30 10:18:00+05:30,100.0,10175.8,2018-10-30 14:41:00+05:30,-105.20000000000073,-1.0520000000000074
2018,10,31,10235.15,2018-10-31 09:15:00+05:30,100.0,10123.9,2018-10-31 09:54:00+05:30,-111.25,-1.1125
2018,10,31,10220.4,2018-10-31 12:06:00+05:30,100.0,10383.15,2018-10-31 15:20:00+05:30,167.70000000000073,1.6770000000000074
2018,11,01,10441.7,2018-11-01 09:15:00+05:30,100.0,10373.4,2018-11-01 15:20:00+05:30,-65.30000000000109,-0.6530000000000109
2018,11,02,10462.3,2018-11-02 09:15:00+05:30,100.0,10544.6,2018-11-02 15:20:00+05:30,86.10000000000036,0.8610000000000037
2018,11,06,10569.5,2018-11-06 09:15:00+05:30,100.0,10523.85,2018-11-06 15:20:00+05:30,-41.100000000000364,-0.41100000000000364
2018,11,09,10614.7,2018-11-09 09:15:00+05:30,100.0,10586.15,2018-11-09 15:20:00+05:30,-27.05000000000109,-0.2705000000000109
2018,11,12,10627.85,2018-11-12 09:15:00+05:30,100.0,10525.3,2018-11-12 13:37:00+05:30,-102.55000000000109,-1.025500000000011
2018,11,13,10505.95,2018-11-13 12:15:00+05:30,100.0,10586.1,2018-11-13 15:20:00+05:30,82.29999999999927,0.8229999999999927
2018,11,14,10634.9,2018-11-14 09:15:00+05:30,100.0,10533.4,2018-11-14 14:17:00+05:30,-101.5,-1.015
2018,11,15,10597.8,2018-11-15 09:17:00+05:30,100.0,10605.95,2018-11-15 15:20:00+05:30,8.400000000001455,0.08400000000001455
2018,11,16,10644.0,2018-11-16 09:15:00+05:30,100.0,10686.35,2018-11-16 15:20:00+05:30,44.600000000000364,0.4460000000000036
2018,11,19,10731.25,2018-11-19 09:15:00+05:30,100.0,10763.45,2018-11-19 15:20:00+05:30,32.20000000000073,0.3220000000000073
2018,11,22,10637.8,2018-11-22 09:31:00+05:30,100.0,10537.5,2018-11-22 14:50:00+05:30,-100.29999999999927,-1.0029999999999928
2018,11,26,10568.3,2018-11-26 09:15:00+05:30,100.0,10627.8,2018-11-26 15:20:00+05:30,60.20000000000073,0.6020000000000073
2018,11,27,10661.45,2018-11-27 13:18:00+05:30,100.0,10683.05,2018-11-27 15:20:00+05:30,24.849999999998545,0.24849999999998545
2018,11,28,10715.55,2018-11-28 09:15:00+05:30,100.0,10722.4,2018-11-28 15:20:00+05:30,9.650000000001455,0.09650000000001455
2018,11,29,10808.7,2018-11-29 09:15:00+05:30,100.0,10854.9,2018-11-29 15:20:00+05:30,46.19999999999891,0.4619999999999891
2018,11,30,10906.65,2018-11-30 09:18:00+05:30,100.0,10881.85,2018-11-30 15:20:00+05:30,-24.600000000000364,-0.24600000000000363
2018,12,03,10930.7,2018-12-03 09:15:00+05:30,100.0,10884.25,2018-12-03 15:20:00+05:30,-44.0,-0.44
2018,12,07,10644.8,2018-12-07 09:15:00+05:30,100.0,10697.45,2018-12-07 15:20:00+05:30,54.80000000000109,0.5480000000000109
2018,12,11,10511.05,2018-12-11 11:40:00+05:30,100.0,10550.25,2018-12-11 15:20:00+05:30,39.30000000000109,0.3930000000000109
2018,12,12,10589.2,2018-12-12 09:15:00+05:30,100.0,10743.95,2018-12-12 15:20:00+05:30,157.14999999999964,1.5714999999999963
2018,12,13,10791.45,2018-12-13 09:15:00+05:30,100.0,10800.05,2018-12-13 15:20:00+05:30,10.0,0.1
2018,12,17,10853.2,2018-12-17 09:15:00+05:30,100.0,10880.15,2018-12-17 15:20:00+05:30,27.69999999999891,0.2769999999999891
2018,12,19,10948.1,2018-12-19 09:15:00+05:30,100.0,10961.4,2018-12-19 15:20:00+05:30,15.850000000000364,0.15850000000000364
2018,12,26,10700.85,2018-12-26 13:54:00+05:30,100.0,10729.7,2018-12-26 15:20:00+05:30,29.5,0.295
2018,12,27,10817.9,2018-12-27 09:15:00+05:30,100.0,10778.4,2018-12-27 15:20:00+05:30,-38.19999999999891,-0.38199999999998907
2018,12,28,10820.95,2018-12-28 09:15:00+05:30,100.0,10857.35,2018-12-28 15:20:00+05:30,37.29999999999927,0.3729999999999927
2018,12,31,10913.2,2018-12-31 09:15:00+05:30,100.0,10860.55,2018-12-31 15:20:00+05:30,-50.350000000000364,-0.5035000000000036
2019,01,03,10810.2,2019-01-03 09:43:00+05:30,100.0,10704.65,2019-01-03 12:23:00+05:30,-105.55000000000109,-1.055500000000011
2019,01,04,10699.7,2019-01-04 09:15:00+05:30,100.0,10725.05,2019-01-04 15:20:00+05:30,28.849999999998545,0.28849999999998543
2019,01,07,10804.85,2019-01-07 09:15:00+05:30,100.0,10774.15,2019-01-07 15:20:00+05:30,-29.450000000000728,-0.29450000000000726
2019,01,08,10798.3,2019-01-08 10:17:00+05:30,100.0,10799.15,2019-01-08 15:20:00+05:30,5.800000000001091,0.05800000000001091
2019,01,09,10862.4,2019-01-09 09:15:00+05:30,100.0,10752.6,2019-01-09 14:00:00+05:30,-109.79999999999927,-1.0979999999999928
2019,01,09,10818.6,2019-01-09 14:42:00+05:30,100.0,10854.45,2019-01-09 15:20:00+05:30,39.44999999999891,0.3944999999999891
2019,01,11,10844.75,2019-01-11 09:16:00+05:30,100.0,10744.15,2019-01-11 14:00:00+05:30,-100.60000000000036,-1.0060000000000036
2019,01,15,10777.55,2019-01-15 09:15:00+05:30,100.0,10890.95,2019-01-15 15:20:00+05:30,113.40000000000146,1.1340000000000146
2019,01,16,10915.55,2019-01-16 09:15:00+05:30,100.0,10885.6,2019-01-16 15:20:00+05:30,-28.549999999999272,-0.2854999999999927
2019,01,17,10920.85,2019-01-17 09:15:00+05:30,100.0,10895.85,2019-01-17 15:20:00+05:30,-24.399999999999636,-0.24399999999999636
2019,01,18,10927.65,2019-01-18 09:15:00+05:30,100.0,10905.6,2019-01-18 15:20:00+05:30,-19.5,-0.195
2019,01,21,10936.05,2019-01-21 09:36:00+05:30,100.0,10955.15,2019-01-21 15:20:00+05:30,21.450000000000728,0.21450000000000727
2019,01,24,10857.4,2019-01-24 10:46:00+05:30,100.0,10853.5,2019-01-24 15:20:00+05:30,-1.3500000000003638,-0.013500000000003638
2019,01,25,10909.5,2019-01-25 09:15:00+05:30,100.0,10787.6,2019-01-25 14:18:00+05:30,-121.89999999999964,-1.2189999999999963
2019,01,28,10803.95,2019-01-28 09:23:00+05:30,100.0,10703.3,2019-01-28 09:50:00+05:30,-100.65000000000146,-1.0065000000000146
2019,01,30,10706.85,2019-01-30 09:15:00+05:30,100.0,10657.5,2019-01-30 15:20:00+05:30,-44.600000000000364,-0.4460000000000036
2019,01,31,10690.55,2019-01-31 09:15:00+05:30,100.0,10829.2,2019-01-31 15:20:00+05:30,141.75,1.4175
2019,02,01,10851.35,2019-02-01 09:15:00+05:30,100.0,10893.45,2019-02-01 15:20:00+05:30,46.44999999999891,0.4644999999999891
2019,02,05,10936.75,2019-02-05 12:00:00+05:30,100.0,10932.75,2019-02-05 15:20:00+05:30,-1.4500000000007276,-0.014500000000007276
2019,02,06,10965.1,2019-02-06 09:15:00+05:30,100.0,11060.8,2019-02-06 15:20:00+05:30,95.94999999999891,0.9594999999999891
2019,02,07,11096.3,2019-02-07 09:26:00+05:30,100.0,11053.95,2019-02-07 15:20:00+05:30,-38.5,-0.385
2019,02,13,10870.55,2019-02-13 09:15:00+05:30,100.0,10780.5,2019-02-13 15:20:00+05:30,-86.84999999999854,-0.8684999999999854
2019,02,18,10759.05,2019-02-18 09:15:00+05:30,100.0,10657.4,2019-02-18 09:52:00+05:30,-101.64999999999964,-1.0164999999999964
2019,02,19,10661.05,2019-02-19 09:17:00+05:30,100.0,10596.9,2019-02-19 15:20:00+05:30,-60.099999999998545,-0.6009999999999854
2019,02,20,10655.45,2019-02-20 09:15:00+05:30,100.0,10741.05,2019-02-20 15:20:00+05:30,85.59999999999854,0.8559999999999854
2019,02,21,10769.2,2019-02-21 11:30:00+05:30,100.0,10792.55,2019-02-21 15:20:00+05:30,24.5,0.245
2019,02,25,10824.8,2019-02-25 09:15:00+05:30,100.0,10880.1,2019-02-25 15:20:00+05:30,56.20000000000073,0.5620000000000073
2019,02,27,10881.2,2019-02-27 09:15:00+05:30,100.0,10780.5,2019-02-27 12:01:00+05:30,-100.70000000000073,-1.0070000000000072
2019,02,28,10865.7,2019-02-28 09:15:00+05:30,100.0,10791.3,2019-02-28 15:20:00+05:30,-73.75,-0.7375
2019,03,01,10842.65,2019-03-01 09:15:00+05:30,100.0,10859.0,2019-03-01 15:20:00+05:30,17.600000000000364,0.17600000000000363
2019,03,05,10889.1,2019-03-05 10:52:00+05:30,100.0,10988.6,2019-03-05 15:20:00+05:30,102.10000000000036,1.0210000000000037
2019,03,06,11024.85,2019-03-06 09:15:00+05:30,100.0,11048.5,2019-03-06 15:20:00+05:30,23.649999999999636,0.23649999999999635
2019,03,07,11077.95,2019-03-07 09:15:00+05:30,100.0,11050.5,2019-03-07 15:20:00+05:30,-27.200000000000728,-0.2720000000000073
2019,03,11,11068.75,2019-03-11 09:15:00+05:30,100.0,11167.7,2019-03-11 15:20:00+05:30,105.64999999999964,1.0564999999999964
2019,03,12,11231.35,2019-03-12 09:15:00+05:30,100.0,11293.25,2019-03-12 15:20:00+05:30,63.899999999999636,0.6389999999999963
2019,03,13,11326.2,2019-03-13 09:15:00+05:30,100.0,11345.2,2019-03-13 15:20:00+05:30,19.849999999998545,0.19849999999998544
2019,03,14,11382.5,2019-03-14 09:15:00+05:30,100.0,11340.35,2019-03-14 15:20:00+05:30,-41.45000000000073,-0.41450000000000725
2019,03,15,11376.85,2019-03-15 09:15:00+05:30,100.0,11414.2,2019-03-15 15:20:00+05:30,38.649999999999636,0.38649999999999635
2019,03,18,11473.85,2019-03-18 09:15:00+05:30,100.0,11467.45,2019-03-18 15:20:00+05:30,-6.399999999999636,-0.06399999999999637
2019,03,19,11511.5,2019-03-19 14:01:00+05:30,100.0,11537.55,2019-03-19 15:20:00+05:30,28.299999999999272,0.2829999999999927
2019,03,22,11548.9,2019-03-22 09:15:00+05:30,100.0,11446.6,2019-03-22 14:16:00+05:30,-102.29999999999927,-1.0229999999999928
2019,03,26,11392.45,2019-03-26 09:15:00+05:30,100.0,11482.3,2019-03-26 15:20:00+05:30,92.19999999999891,0.921999999999989
2019,03,27,11531.45,2019-03-27 09:15:00+05:30,100.0,11413.55,2019-03-27 13:50:00+05:30,-117.90000000000146,-1.1790000000000145
2019,03,28,11463.65,2019-03-28 09:15:00+05:30,100.0,11574.3,2019-03-28 15:20:00+05:30,113.05000000000109,1.130500000000011
2019,03,29,11625.45,2019-03-29 09:15:00+05:30,100.0,11620.05,2019-03-29 15:20:00+05:30,-4.350000000000364,-0.04350000000000364
2019,04,01,11665.2,2019-04-01 09:15:00+05:30,100.0,11656.15,2019-04-01 15:20:00+05:30,-5.75,-0.0575
2019,04,02,11711.55,2019-04-02 09:15:00+05:30,100.0,11722.8,2019-04-02 15:20:00+05:30,11.300000000001091,0.11300000000001091
2019,04,03,11754.45,2019-04-03 09:19:00+05:30,100.0,11654.45,2019-04-03 15:06:00+05:30,-100.0,-1.0
2019,04,05,11638.4,2019-04-05 09:15:00+05:30,100.0,11674.5,2019-04-05 15:20:00+05:30,36.100000000000364,0.36100000000000365
2019,04,09,11631.45,2019-04-09 09:50:00+05:30,100.0,11676.2,2019-04-09 15:20:00+05:30,50.5,0.505
2019,04,12,11636.5,2019-04-12 14:11:00+05:30,100.0,11641.6,2019-04-12 15:20:00+05:30,5.100000000000364,0.05100000000000364
2019,04,15,11667.0,2019-04-15 09:15:00+05:30,100.0,11685.95,2019-04-15 15:20:00+05:30,20.549999999999272,0.20549999999999272
2019,04,16,11736.2,2019-04-16 09:15:00+05:30,100.0,11783.55,2019-04-16 15:20:00+05:30,48.19999999999891,0.4819999999999891
2019,04,18,11856.15,2019-04-18 09:15:00+05:30,100.0,11754.2,2019-04-18 10:11:00+05:30,-101.94999999999891,-1.0194999999999892
2019,04,23,11623.85,2019-04-23 09:18:00+05:30,100.0,11576.6,2019-04-23 15:20:00+05:30,-44.850000000000364,-0.4485000000000036
2019,04,24,11619.75,2019-04-24 09:15:00+05:30,100.0,11728.7,2019-04-24 15:20:00+05:30,111.35000000000036,1.1135000000000037
2019,04,25,11755.45,2019-04-25 09:31:00+05:30,100.0,11654.5,2019-04-25 15:02:00+05:30,-100.95000000000073,-1.0095000000000072
2019,04,26,11683.75,2019-04-26 09:15:00+05:30,100.0,11753.55,2019-04-26 15:20:00+05:30,72.0,0.72
2019,05,02,11770.95,2019-05-02 10:07:00+05:30,100.0,11720.55,2019-05-02 15:20:00+05:30,-47.100000000000364,-0.47100000000000364
2019,05,03,11750.85,2019-05-03 09:19:00+05:30,100.0,11713.8,2019-05-03 15:20:00+05:30,-37.0,-0.37
2019,05,07,11651.5,2019-05-07 09:15:00+05:30,100.0,11549.3,2019-05-07 14:38:00+05:30,-102.20000000000073,-1.0220000000000073
2019,05,10,11336.4,2019-05-10 09:16:00+05:30,100.0,11276.8,2019-05-10 15:20:00+05:30,-56.29999999999927,-0.5629999999999927
2019,05,13,11287.05,2019-05-13 10:06:00+05:30,100.0,11184.1,2019-05-13 14:59:00+05:30,-102.94999999999891,-1.029499999999989
2019,05,14,11188.45,2019-05-14 13:24:00+05:30,100.0,11233.4,2019-05-14 15:20:00+05:30,52.0,0.52
2019,05,15,11271.7,2019-05-15 09:15:00+05:30,100.0,11166.15,2019-05-15 15:04:00+05:30,-105.55000000000109,-1.055500000000011
2019,05,16,11180.35,2019-05-16 09:15:00+05:30,100.0,11277.7,2019-05-16 15:20:00+05:30,99.79999999999927,0.9979999999999927
2019,05,17,11311.95,2019-05-17 09:20:00+05:30,100.0,11402.25,2019-05-17 15:20:00+05:30,91.04999999999927,0.9104999999999928
2019,05,20,11651.9,2019-05-20 09:15:00+05:30,100.0,11818.7,2019-05-20 15:20:00+05:30,168.14999999999964,1.6814999999999964
2019,05,21,11863.65,2019-05-21 09:15:00+05:30,100.0,11758.5,2019-05-21 13:11:00+05:30,-105.14999999999964,-1.0514999999999963
2019,05,22,11745.85,2019-05-22 09:20:00+05:30,100.0,11730.25,2019-05-22 15:20:00+05:30,-13.550000000001091,-0.13550000000001092
2019,05,23,11901.3,2019-05-23 09:15:00+05:30,100.0,11790.95,2019-05-23 12:28:00+05:30,-110.34999999999854,-1.1034999999999855
2019,05,23,11794.95,2019-05-23 12:29:00+05:30,100.0,11693.55,2019-05-23 14:55:00+05:30,-101.40000000000146,-1.0140000000000144
2019,05,24,11748.0,2019-05-24 09:15:00+05:30,100.0,11839.15,2019-05-24 15:20:00+05:30,92.85000000000036,0.9285000000000037
2019,05,27,11876.5,2019-05-27 09:25:00+05:30,100.0,11909.6,2019-05-27 15:20:00+05:30,36.79999999999927,0.3679999999999927
2019,05,28,11958.35,2019-05-28 09:15:00+05:30,100.0,11924.25,2019-05-28 15:20:00+05:30,-33.95000000000073,-0.3395000000000073
2019,05,30,11897.85,2019-05-30 09:40:00+05:30,100.0,11943.15,2019-05-30 15:20:00+05:30,45.29999999999927,0.45299999999999274
2019,05,31,11999.8,2019-05-31 09:15:00+05:30,100.0,11832.15,2019-05-31 12:00:00+05:30,-167.64999999999964,-1.6764999999999963
2019,06,03,11953.75,2019-06-03 09:15:00+05:30,100.0,12092.25,2019-06-03 15:20:00+05:30,138.5,1.385
2019,06,07,11886.85,2019-06-07 10:17:00+05:30,100.0,11857.4,2019-06-07 15:20:00+05:30,-28.950000000000728,-0.28950000000000725
2019,06,10,11934.9,2019-06-10 09:15:00+05:30,100.0,11924.1,2019-06-10 15:20:00+05:30,-10.799999999999272,-0.10799999999999273
2019,06,11,11959.85,2019-06-11 09:15:00+05:30,100.0,11965.25,2019-06-11 15:20:00+05:30,5.399999999999636,0.05399999999999636
2019,06,17,11844.0,2019-06-17 09:15:00+05:30,100.0,11743.2,2019-06-17 10:03:00+05:30,-100.79999999999927,-1.0079999999999927
2019,06,18,11703.9,2019-06-18 09:16:00+05:30,100.0,11697.2,2019-06-18 15:20:00+05:30,-2.75,-0.0275
2019,06,19,11744.45,2019-06-19 09:15:00+05:30,100.0,11643.65,2019-06-19 14:40:00+05:30,-100.80000000000109,-1.0080000000000109
2019,06,20,11737.3,2019-06-20 10:59:00+05:30,100.0,11831.7,2019-06-20 15:20:00+05:30,95.20000000000073,0.9520000000000073
2019,06,25,11732.4,2019-06-25 12:16:00+05:30,100.0,11785.9,2019-06-25 15:20:00+05:30,55.100000000000364,0.5510000000000036
2019,06,26,11806.6,2019-06-26 09:25:00+05:30,100.0,11842.5,2019-06-26 15:20:00+05:30,36.75,0.3675
2019,06,27,11874.8,2019-06-27 09:15:00+05:30,100.0,11842.05,2019-06-27 15:20:00+05:30,-32.75,-0.3275
2019,07,01,11839.9,2019-07-01 09:15:00+05:30,100.0,11863.9,2019-07-01 15:20:00+05:30,25.75,0.2575
2019,07,02,11896.6,2019-07-02 14:01:00+05:30,100.0,11910.25,2019-07-02 15:20:00+05:30,15.899999999999636,0.15899999999999637
2019,07,03,11937.45,2019-07-03 14:19:00+05:30,100.0,11916.15,2019-07-03 15:20:00+05:30,-18.950000000000728,-0.18950000000000727
2019,07,04,11944.6,2019-07-04 09:27:00+05:30,100.0,11941.15,2019-07-04 15:20:00+05:30,-1.0,-0.01
2019,07,05,11972.7,2019-07-05 09:15:00+05:30,100.0,11869.9,2019-07-05 13:05:00+05:30,-102.80000000000109,-1.028000000000011
2019,07,10,11586.2,2019-07-10 09:42:00+05:30,100.0,11485.7,2019-07-10 12:44:00+05:30,-100.5,-1.005
2019,07,11,11561.45,2019-07-11 09:15:00+05:30,100.0,11578.65,2019-07-11 15:20:00+05:30,21.899999999999636,0.21899999999999636
2019,07,12,11608.3,2019-07-12 09:15:00+05:30,100.0,11549.8,2019-07-12 15:20:00+05:30,-57.349999999998545,-0.5734999999999855
2019,07,15,11614.75,2019-07-15 09:15:00+05:30,100.0,11587.8,2019-07-15 15:20:00+05:30,-24.549999999999272,-0.24549999999999272
2019,07,16,11619.4,2019-07-16 09:39:00+05:30,100.0,11664.25,2019-07-16 15:20:00+05:30,46.600000000000364,0.46600000000000363
2019,07,17,11690.25,2019-07-17 10:07:00+05:30,100.0,11683.0,2019-07-17 15:20:00+05:30,-6.5,-0.065
2019,07,19,11639.6,2019-07-19 09:15:00+05:30,100.0,11537.65,2019-07-19 09:50:00+05:30,-101.95000000000073,-1.0195000000000072
2019,07,23,11372.25,2019-07-23 09:15:00+05:30,100.0,11326.4,2019-07-23 15:20:00+05:30,-45.600000000000364,-0.4560000000000036
2019,07,24,11357.2,2019-07-24 09:17:00+05:30,100.0,11254.95,2019-07-24 09:58:00+05:30,-102.25,-1.0225
2019,07,25,11298.1,2019-07-25 09:15:00+05:30,100.0,11253.85,2019-07-25 15:20:00+05:30,-43.350000000000364,-0.43350000000000366
2019,07,26,11290.85,2019-07-26 11:32:00+05:30,100.0,11290.4,2019-07-26 15:20:00+05:30,3.600000000000364,0.03600000000000364
2019,07,30,11222.35,2019-07-30 09:17:00+05:30,100.0,11118.7,2019-07-30 14:36:00+05:30,-103.64999999999964,-1.0364999999999964
2019,07,31,11108.95,2019-07-31 14:20:00+05:30,100.0,11116.8,2019-07-31 15:20:00+05:30,13.549999999999272,0.13549999999999274
2019,08,02,11021.55,2019-08-02 13:54:00+05:30,100.0,10996.9,2019-08-02 15:20:00+05:30,-18.649999999999636,-0.18649999999999636
2019,08,06,10891.45,2019-08-06 09:17:00+05:30,100.0,10934.05,2019-08-06 15:20:00+05:30,44.849999999998545,0.44849999999998547
2019,08,07,10959.05,2019-08-07 09:47:00+05:30,100.0,10857.05,2019-08-07 15:09:00+05:30,-102.0,-1.02
2019,08,08,10899.2,2019-08-08 09:15:00+05:30,100.0,11039.5,2019-08-08 15:20:00+05:30,141.79999999999927,1.4179999999999928
2019,08,09,11087.9,2019-08-09 09:15:00+05:30,100.0,11109.0,2019-08-09 15:20:00+05:30,25.450000000000728,0.2545000000000073
2019,08,13,11139.4,2019-08-13 09:15:00+05:30,100.0,11033.75,2019-08-13 13:15:00+05:30,-105.64999999999964,-1.0564999999999964
2019,08,14,11003.25,2019-08-14 09:15:00+05:30,100.0,11024.25,2019-08-14 15:20:00+05:30,23.899999999999636,0.23899999999999635
2019,08,16,11043.65,2019-08-16 09:15:00+05:30,100.0,10941.05,2019-08-16 09:16:00+05:30,-102.60000000000036,-1.0260000000000036
2019,08,16,11045.0,2019-08-16 12:09:00+05:30,100.0,11040.7,2019-08-16 15:20:00+05:30,-2.0499999999992724,-0.020499999999992725
2019,08,19,11094.8,2019-08-19 09:15:00+05:30,100.0,11050.6,2019-08-19 15:20:00+05:30,-42.69999999999891,-0.4269999999999891
2019,08,23,10763.3,2019-08-23 10:30:00+05:30,100.0,10824.65,2019-08-23 15:20:00+05:30,63.100000000000364,0.6310000000000037
2019,08,26,11000.3,2019-08-26 09:15:00+05:30,100.0,10894.55,2019-08-26 09:23:00+05:30,-105.75,-1.0575
2019,08,26,10903.9,2019-08-26 09:24:00+05:30,100.0,10795.35,2019-08-26 09:47:00+05:30,-108.54999999999927,-1.0854999999999928
2019,08,26,10869.8,2019-08-26 11:33:00+05:30,100.0,11063.45,2019-08-26 15:20:00+05:30,195.8000000000011,1.9580000000000108
2019,08,27,11106.55,2019-08-27 09:15:00+05:30,100.0,11108.4,2019-08-27 15:20:00+05:30,3.350000000000364,0.03350000000000364
2019,08,30,10996.35,2019-08-30 09:15:00+05:30,100.0,10894.7,2019-08-30 11:19:00+05:30,-101.64999999999964,-1.0164999999999964
2019,08,30,10989.85,2019-08-30 14:28:00+05:30,100.0,11034.65,2019-08-30 15:20:00+05:30,46.04999999999927,0.46049999999999275
2019,09,04,10810.5,2019-09-04 09:16:00+05:30,100.0,10841.35,2019-09-04 15:20:00+05:30,33.29999999999927,0.33299999999999275
2019,09,05,10884.1,2019-09-05 09:15:00+05:30,100.0,10852.25,2019-09-05 15:20:00+05:30,-30.100000000000364,-0.30100000000000365
2019,09,06,10883.8,2019-09-06 09:15:00+05:30,100.0,10944.75,2019-09-06 15:20:00+05:30,63.25,0.6325
2019,09,09,10969.4,2019-09-09 10:06:00+05:30,100.0,11001.95,2019-09-09 15:20:00+05:30,32.80000000000109,0.3280000000000109
2019,09,11,11034.0,2019-09-11 09:15:00+05:30,100.0,11029.55,2019-09-11 15:20:00+05:30,-0.3500000000003638,-0.003500000000003638
2019,09,12,11058.3,2019-09-12 09:15:00+05:30,100.0,10977.9,2019-09-12 15:20:00+05:30,-78.54999999999927,-0.7854999999999928
2019,09,13,11015.95,2019-09-13 09:20:00+05:30,100.0,11075.85,2019-09-13 15:20:00+05:30,64.54999999999927,0.6454999999999927
2019,09,18,10872.8,2019-09-18 09:15:00+05:30,100.0,10831.5,2019-09-18 15:20:00+05:30,-37.099999999998545,-0.37099999999998545
2019,09,20,10746.8,2019-09-20 09:15:00+05:30,100.0,11260.7,2019-09-20 15:20:00+05:30,515.0,5.15
2019,09,23,11542.7,2019-09-23 09:15:00+05:30,100.0,11606.0,2019-09-23 15:20:00+05:30,64.54999999999927,0.6454999999999927
2019,09,24,11636.5,2019-09-24 09:20:00+05:30,100.0,11582.3,2019-09-24 15:20:00+05:30,-54.20000000000073,-0.5420000000000073
2019,09,26,11469.85,2019-09-26 09:15:00+05:30,100.0,11568.65,2019-09-26 15:20:00+05:30,100.60000000000036,1.0060000000000036
2019,10,01,11515.4,2019-10-01 09:15:00+05:30,100.0,11414.6,2019-10-01 10:07:00+05:30,-100.79999999999927,-1.0079999999999927
2019,10,01,11508.05,2019-10-01 10:47:00+05:30,100.0,11396.7,2019-10-01 13:35:00+05:30,-111.34999999999854,-1.1134999999999855
2019,10,04,11388.45,2019-10-04 09:15:00+05:30,100.0,11284.4,2019-10-04 11:57:00+05:30,-104.05000000000109,-1.0405000000000109
2019,10,07,11196.2,2019-10-07 09:15:00+05:30,100.0,11120.9,2019-10-07 15:20:00+05:30,-74.30000000000109,-0.7430000000000109
2019,10,09,11152.95,2019-10-09 09:15:00+05:30,100.0,11312.6,2019-10-09 15:20:00+05:30,160.0,1.6
2019,10,11,11282.9,2019-10-11 09:15:00+05:30,100.0,11300.45,2019-10-11 15:20:00+05:30,22.450000000000728,0.22450000000000728
2019,10,14,11335.9,2019-10-14 09:15:00+05:30,100.0,11328.7,2019-10-14 15:20:00+05:30,-6.799999999999272,-0.06799999999999272
2019,10,15,11360.85,2019-10-15 09:15:00+05:30,100.0,11424.4,2019-10-15 15:20:00+05:30,66.10000000000036,0.6610000000000036
2019,10,16,11464.95,2019-10-16 09:15:00+05:30,100.0,11466.45,2019-10-16 15:20:00+05:30,1.9499999999989086,0.019499999999989085
2019,10,17,11505.75,2019-10-17 12:59:00+05:30,100.0,11581.35,2019-10-17 15:20:00+05:30,78.45000000000073,0.7845000000000073
2019,10,18,11613.35,2019-10-18 09:33:00+05:30,100.0,11655.5,2019-10-18 15:20:00+05:30,42.850000000000364,0.42850000000000366
2019,10,22,11694.5,2019-10-22 09:24:00+05:30,100.0,11594.2,2019-10-22 13:50:00+05:30,-100.29999999999927,-1.0029999999999928
2019,10,23,11623.15,2019-10-23 10:09:00+05:30,100.0,11606.5,2019-10-23 15:20:00+05:30,-15.399999999999636,-0.15399999999999636
2019,10,24,11661.65,2019-10-24 09:15:00+05:30,100.0,11549.55,2019-10-24 13:21:00+05:30,-112.10000000000036,-1.1210000000000035
2019,10,25,11646.15,2019-10-25 09:15:00+05:30,100.0,11542.15,2019-10-25 12:41:00+05:30,-104.0,-1.04
2019,10,25,11615.15,2019-10-25 14:39:00+05:30,100.0,11577.85,2019-10-25 15:20:00+05:30,-30.799999999999272,-0.3079999999999927
2019,10,29,11643.95,2019-10-29 09:15:00+05:30,100.0,11783.2,2019-10-29 15:20:00+05:30,142.79999999999927,1.4279999999999928
2019,10,30,11883.9,2019-10-30 09:15:00+05:30,100.0,11847.3,2019-10-30 15:20:00+05:30,-36.44999999999891,-0.3644999999999891
2019,10,31,11890.45,2019-10-31 09:15:00+05:30,100.0,11872.2,2019-10-31 15:20:00+05:30,-17.80000000000109,-0.17800000000001093
2019,11,01,11911.2,2019-11-01 09:25:00+05:30,100.0,11890.65,2019-11-01 15:20:00+05:30,-16.55000000000109,-0.16550000000001092
2019,11,04,11944.85,2019-11-04 09:15:00+05:30,100.0,11935.55,2019-11-04 15:20:00+05:30,-6.75,-0.0675
2019,11,05,11978.8,2019-11-05 09:15:00+05:30,100.0,11873.55,2019-11-05 13:10:00+05:30,-105.25,-1.0525
2019,11,06,11950.0,2019-11-06 11:44:00+05:30,100.0,11958.8,2019-11-06 15:20:00+05:30,12.549999999999272,0.12549999999999273
2019,11,07,12021.1,2019-11-07 09:15:00+05:30,100.0,12011.7,2019-11-07 15:20:00+05:30,-8.350000000000364,-0.08350000000000364
2019,11,13,11946.25,2019-11-13 09:35:00+05:30,100.0,11844.0,2019-11-13 14:50:00+05:30,-102.25,-1.0225
2019,11,14,11867.85,2019-11-14 11:01:00+05:30,100.0,11868.3,2019-11-14 15:20:00+05:30,3.5,0.035
2019,11,15,11904.2,2019-11-15 09:15:00+05:30,100.0,11884.1,2019-11-15 15:20:00+05:30,-19.100000000000364,-0.19100000000000364
2019,11,18,11929.1,2019-11-18 09:15:00+05:30,100.0,11882.2,2019-11-18 15:20:00+05:30,-45.25,-0.4525
2019,11,19,11924.45,2019-11-19 09:15:00+05:30,100.0,11950.6,2019-11-19 15:20:00+05:30,26.149999999999636,0.26149999999999635
2019,11,20,12004.75,2019-11-20 09:15:00+05:30,100.0,11993.0,2019-11-20 15:20:00+05:30,-8.75,-0.0875
2019,11,21,12025.65,2019-11-21 09:15:00+05:30,100.0,11966.9,2019-11-21 15:20:00+05:30,-55.149999999999636,-0.5514999999999963
2019,11,25,11950.8,2019-11-25 09:17:00+05:30,100.0,12076.0,2019-11-25 15:20:00+05:30,126.15000000000146,1.2615000000000145
2019,11,26,12110.2,2019-11-26 09:15:00+05:30,100.0,12006.8,2019-11-26 14:41:00+05:30,-103.40000000000146,-1.0340000000000145
2019,11,27,12078.5,2019-11-27 09:15:00+05:30,100.0,12105.55,2019-11-27 15:20:00+05:30,27.549999999999272,0.27549999999999275
2019,11,28,12143.65,2019-11-28 12:05:00+05:30,100.0,12150.85,2019-11-28 15:20:00+05:30,8.600000000000364,0.08600000000000364
2019,12,02,12137.05,2019-12-02 09:15:00+05:30,100.0,12033.45,2019-12-02 10:40:00+05:30,-103.59999999999854,-1.0359999999999854
2019,12,05,12071.25,2019-12-05 09:15:00+05:30,100.0,12010.35,2019-12-05 15:20:00+05:30,-60.850000000000364,-0.6085000000000036
2019,12,06,12047.35,2019-12-06 09:15:00+05:30,100.0,11937.95,2019-12-06 13:53:00+05:30,-109.39999999999964,-1.0939999999999963
2019,12,09,11949.5,2019-12-09 11:00:00+05:30,100.0,11939.95,2019-12-09 15:20:00+05:30,-8.100000000000364,-0.08100000000000364
2019,12,11,11891.1,2019-12-11 09:43:00+05:30,100.0,11918.0,2019-12-11 15:20:00+05:30,26.899999999999636,0.26899999999999635
2019,12,12,11944.3,2019-12-12 09:15:00+05:30,100.0,11977.15,2019-12-12 15:20:00+05:30,34.350000000000364,0.34350000000000364
2019,12,13,12031.3,2019-12-13 09:15:00+05:30,100.0,12076.5,2019-12-13 15:20:00+05:30,48.70000000000073,0.48700000000000726
2019,12,16,12131.35,2019-12-16 09:15:00+05:30,100.0,12050.3,2019-12-16 15:20:00+05:30,-80.05000000000109,-0.8005000000000109
2019,12,17,12093.6,2019-12-17 09:15:00+05:30,100.0,12166.85,2019-12-17 15:20:00+05:30,73.75,0.7375
2019,12,18,12205.85,2019-12-18 12:35:00+05:30,100.0,12218.25,2019-12-18 15:20:00+05:30,13.0,0.13
2019,12,19,12259.05,2019-12-19 12:34:00+05:30,100.0,12261.75,2019-12-19 15:20:00+05:30,6.0,0.06
2019,12,20,12293.25,2019-12-20 09:21:00+05:30,100.0,12274.05,2019-12-20 15:20:00+05:30,-18.549999999999272,-0.18549999999999273
2019,12,27,12172.9,2019-12-27 09:15:00+05:30,100.0,12252.3,2019-12-27 15:20:00+05:30,80.14999999999964,0.8014999999999963
2019,12,30,12284.9,2019-12-30 09:30:00+05:30,100.0,12249.85,2019-12-30 15:20:00+05:30,-32.75,-0.3275
2020,01,01,12215.9,2020-01-01 09:15:00+05:30,100.0,12179.2,2020-01-01 15:20:00+05:30,-34.350000000000364,-0.34350000000000364
2020,01,02,12220.55,2020-01-02 09:20:00+05:30,100.0,12285.15,2020-01-02 15:20:00+05:30,66.25,0.6625
2020,01,07,12079.1,2020-01-07 09:15:00+05:30,100.0,12061.3,2020-01-07 15:20:00+05:30,-15.25,-0.1525
2020,01,09,12153.15,2020-01-09 09:15:00+05:30,100.0,12213.05,2020-01-09 15:20:00+05:30,62.850000000000364,0.6285000000000036
2020,01,10,12271.0,2020-01-10 09:15:00+05:30,100.0,12254.85,2020-01-10 15:20:00+05:30,-14.850000000000364,-0.14850000000000363
2020,01,13,12296.7,2020-01-13 09:15:00+05:30,100.0,12329.15,2020-01-13 15:20:00+05:30,32.94999999999891,0.3294999999999891
2020,01,16,12372.7,2020-01-16 09:19:00+05:30,100.0,12352.15,2020-01-16 15:20:00+05:30,-17.950000000000728,-0.17950000000000726
2020,01,17,12385.25,2020-01-17 10:43:00+05:30,100.0,12349.35,2020-01-17 15:20:00+05:30,-33.350000000000364,-0.3335000000000036
2020,01,20,12430.5,2020-01-20 09:15:00+05:30,100.0,12325.5,2020-01-20 09:50:00+05:30,-105.0,-1.05
2020,01,22,12218.35,2020-01-22 09:15:00+05:30,100.0,12112.5,2020-01-22 14:04:00+05:30,-105.85000000000036,-1.0585000000000035
2020,01,23,12140.7,2020-01-23 09:23:00+05:30,100.0,12176.75,2020-01-23 15:20:00+05:30,36.5,0.365
2020,01,24,12216.2,2020-01-24 09:42:00+05:30,100.0,12247.45,2020-01-24 15:20:00+05:30,31.69999999999891,0.31699999999998907
2020,01,28,12148.1,2020-01-28 09:15:00+05:30,100.0,12045.6,2020-01-28 14:42:00+05:30,-102.5,-1.025
2020,01,29,12114.9,2020-01-29 09:15:00+05:30,100.0,12130.5,2020-01-29 15:20:00+05:30,18.700000000000728,0.18700000000000727
2020,01,31,12100.4,2020-01-31 09:15:00+05:30,100.0,11996.55,2020-01-31 11:08:00+05:30,-103.85000000000036,-1.0385000000000035
2020,02,01,12008.1,2020-02-01 10:55:00+05:30,100.0,11883.65,2020-02-01 12:53:00+05:30,-124.45000000000073,-1.2445000000000073
2020,02,03,11683.05,2020-02-03 09:15:00+05:30,100.0,11702.55,2020-02-03 15:20:00+05:30,19.80000000000109,0.19800000000001092
2020,02,04,11786.25,2020-02-04 09:15:00+05:30,100.0,11975.25,2020-02-04 15:20:00+05:30,189.54999999999927,1.8954999999999926
2020,02,05,12018.6,2020-02-05 09:31:00+05:30,100.0,12084.0,2020-02-05 15:20:00+05:30,68.04999999999927,0.6804999999999928
2020,02,06,12144.45,2020-02-06 09:15:00+05:30,100.0,12135.4,2020-02-06 15:20:00+05:30,-4.950000000000728,-0.049500000000007274
2020,02,11,12108.4,2020-02-11 09:15:00+05:30,100.0,12105.15,2020-02-11 15:20:00+05:30,-2.5499999999992724,-0.025499999999992723
2020,02,12,12151.0,2020-02-12 09:15:00+05:30,100.0,12198.9,2020-02-12 15:20:00+05:30,48.20000000000073,0.48200000000000726
2020,02,14,12220.3,2020-02-14 09:15:00+05:30,100.0,12098.95,2020-02-14 10:55:00+05:30,-121.34999999999854,-1.2134999999999854
2020,02,17,12152.3,2020-02-17 09:16:00+05:30,100.0,12051.55,2020-02-17 13:05:00+05:30,-100.75,-1.0075
2020,02,19,12090.6,2020-02-19 09:15:00+05:30,100.0,12124.9,2020-02-19 15:20:00+05:30,35.600000000000364,0.35600000000000365
2020,02,25,11877.5,2020-02-25 09:15:00+05:30,100.0,11797.55,2020-02-25 15:20:00+05:30,-79.79999999999927,-0.7979999999999927
2020,03,02,11387.35,2020-03-02 09:15:00+05:30,100.0,11279.85,2020-03-02 14:45:00+05:30,-107.5,-1.075
2020,03,03,11217.55,2020-03-03 09:15:00+05:30,100.0,11316.15,2020-03-03 15:20:00+05:30,108.45000000000073,1.0845000000000073
2020,03,05,11306.05,2020-03-05 09:15:00+05:30,100.0,11262.25,2020-03-05 15:20:00+05:30,-42.04999999999927,-0.4204999999999927
2020,03,11,10495.05,2020-03-11 09:22:00+05:30,100.0,10383.35,2020-03-11 10:20:00+05:30,-111.69999999999891,-1.1169999999999891
2020,03,11,10485.15,2020-03-11 11:56:00+05:30,100.0,10448.6,2020-03-11 15:20:00+05:30,-36.5,-0.365
2020,03,13,9694.1,2020-03-13 10:48:00+05:30,100.0,9568.45,2020-03-13 10:55:00+05:30,-125.64999999999964,-1.2564999999999964
2020,03,13,9658.9,2020-03-13 11:10:00+05:30,100.0,9541.05,2020-03-13 11:12:00+05:30,-117.85000000000036,-1.1785000000000037
2020,03,13,9667.65,2020-03-13 12:07:00+05:30,100.0,9944.3,2020-03-13 15:20:00+05:30,294.64999999999964,2.9464999999999963
2020,03,17,9285.4,2020-03-17 09:15:00+05:30,100.0,9092.9,2020-03-17 09:16:00+05:30,-192.5,-1.925
2020,03,17,9256.1,2020-03-17 09:33:00+05:30,100.0,9146.65,2020-03-17 14:27:00+05:30,-109.45000000000073,-1.0945000000000074
2020,03,17,9232.2,2020-03-17 14:34:00+05:30,100.0,9118.05,2020-03-17 14:55:00+05:30,-114.15000000000146,-1.1415000000000146
2020,03,18,9088.45,2020-03-18 09:15:00+05:30,100.0,8983.05,2020-03-18 09:21:00+05:30,-105.40000000000146,-1.0540000000000145
2020,03,18,9022.9,2020-03-18 09:22:00+05:30,100.0,8916.5,2020-03-18 09:46:00+05:30,-106.39999999999964,-1.0639999999999963
2020,03,19,8560.7,2020-03-19 14:12:00+05:30,100.0,8414.0,2020-03-19 14:28:00+05:30,-146.70000000000073,-1.4670000000000072
2020,03,20,8307.4,2020-03-20 09:15:00+05:30,100.0,8201.7,2020-03-20 09:34:00+05:30,-105.69999999999891,-1.056999999999989
2020,03,20,8293.65,2020-03-20 09:41:00+05:30,100.0,8755.05,2020-03-20 15:20:00+05:30,499.9500000000007,4.999500000000007
